state_x,zip,poverty_rate,median_income_household,percent_lower_education,percent_higher_education,percent_snap_participation,per_capita_income,num_food_access,num_grocery,num_food_pantries,num_fast_food,num_restaurants,cluster,type,decommissioned,primary_city,acceptable_cities,unacceptable_cities,state_y,county,timezone,area_codes,world_region,country,latitude,longitude,irs_estimated_population
MA,01066,0.6194029850746269,107024.5,0.6296296296296297,0.3703703703703703,0.4333333333333333,16546.0,0.0,0.0,0.0,0.0,0.0,1,PO BOX,0,North Hatfield,N Hatfield,No Hatfield,MA,Hampshire County,America/New_York,413,,US,42.41,-72.66,402
MA,02325,0.7073170731707317,107024.5,0.2,0.8,0.091044142614601,7596.0,0.0,0.0,0.0,0.0,0.0,1,UNIQUE,0,Bridgewater,,Bridgewater State College,MA,Plymouth County,America/New_York,"508, 774",,US,41.99,-70.96,10
MA,01079,0.234375,107024.5,0.5957446808510638,0.4042553191489361,0.3043478260869565,29950.0,0.0,0.0,0.0,0.0,0.0,1,PO BOX,0,Thorndike,,,MA,Hampden County,America/New_York,413,,US,42.2,-72.33,992
MA,02366,0.0675790364980466,107024.5,0.7755102040816326,0.2244897959183673,0.091044142614601,11232.0,0.0,0.0,0.0,0.0,0.0,1,PO BOX,0,South Carver,,,MA,Plymouth County,America/New_York,"508, 774",,US,41.85,-70.66,385
MA,01103,0.4453369031682285,21458.0,0.4142538975501114,0.5857461024498887,0.5045161290322581,33500.0,14.0,0.0,0.0,2.0,10.0,1,STANDARD,0,Springfield,,Spfld,MA,Hampden County,America/New_York,413,,US,42.1,-72.59,1620
MA,01105,0.487319909006656,22994.0,0.6987735566856117,0.3012264433143882,0.6102941176470589,17301.0,4.0,0.0,0.0,1.0,2.0,1,STANDARD,0,Springfield,,Spfld,MA,Hampden County,America/New_York,413,,US,42.1,-72.58,7910
MA,01901,0.4288299155609167,27561.0,0.3801756587202007,0.6198243412797992,0.452895419187554,33836.0,14.0,2.0,0.0,2.0,10.0,1,STANDARD,0,Lynn,,,MA,Essex County,America/New_York,"339, 781",,US,42.46,-70.95,1890
MA,01107,0.409725604805975,31969.0,0.6624365482233503,0.3375634517766497,0.5021613832853026,20475.0,0.0,0.0,0.0,0.0,0.0,1,STANDARD,0,Springfield,,"Brightwood, Spfld",MA,Hampden County,America/New_York,413,,US,42.12,-72.61,8220
MA,01840,0.325065274151436,34630.0,0.6954251096720284,0.3045748903279716,0.5841163989087602,24230.0,5.0,0.0,0.0,0.0,4.0,1,STANDARD,0,Lawrence,,,MA,Essex County,America/New_York,"351, 978",,US,42.71,-71.16,5500
MA,02121,0.244814254496554,38565.0,0.5545341050959028,0.4454658949040971,0.4797838463765319,27892.0,3.0,0.0,0.0,1.0,2.0,1,STANDARD,0,Dorchester,"Boston, Grove Hall",,MA,Suffolk County,America/New_York,"617, 857",,US,42.31,-71.09,23410
MA,02746,0.3249830320231998,41023.0,0.6861443530291698,0.3138556469708302,0.3682385575589459,25609.0,8.0,1.0,0.0,4.0,3.0,1,STANDARD,0,New Bedford,,,MA,Bristol County,America/New_York,"508, 774",,US,41.66,-70.93,12790
MA,02723,0.2460736052508204,41789.0,0.6437040242319342,0.3562959757680657,0.3509234828496042,29622.0,7.0,0.0,0.0,5.0,1.0,1,STANDARD,0,Fall River,,,MA,Bristol County,America/New_York,"508, 774",,US,41.69,-71.13,12290
MA,01610,0.3341893208182059,43757.0,0.5888304599613925,0.4111695400386074,0.4245598876768549,20889.0,34.0,1.0,1.0,10.0,15.0,1,STANDARD,0,Worcester,,,MA,Worcester County,America/New_York,"508, 774",,US,42.25,-71.81,16900
MA,01608,0.4391383865068075,45962.0,0.4824120603015075,0.5175879396984925,0.2710027100271002,29079.0,22.0,0.0,0.0,2.0,14.0,1,STANDARD,0,Worcester,,,MA,Worcester County,America/New_York,"508, 774",,US,42.26,-71.8,3530
MA,01109,0.2474274196400155,46821.0,0.5588136353442476,0.4411863646557524,0.423968807715986,22204.0,5.0,0.0,0.0,0.0,2.0,1,STANDARD,0,Springfield,,Spfld,MA,Hampden County,America/New_York,413,,US,42.11,-72.53,22950
MA,01104,0.2028442780081137,47530.0,0.6094961942732874,0.3905038057267125,0.4115784712799638,26124.0,5.0,2.0,0.0,3.0,0.0,1,STANDARD,0,Springfield,,Spfld,MA,Hampden County,America/New_York,413,,US,42.13,-72.57,20040
MA,02724,0.2237743232960104,49809.0,0.60780971565817,0.39219028434183,0.369815391992328,28631.0,2.0,0.0,0.0,2.0,0.0,1,STANDARD,0,Fall River,,,MA,Bristol County,America/New_York,"401, 508, 774",,US,41.68,-71.18,14160
MA,02721,0.187111362351611,50666.0,0.6008276899924756,0.3991723100075244,0.3578136073706591,30645.0,36.0,6.0,0.0,19.0,10.0,1,STANDARD,0,Fall River,,,MA,Bristol County,America/New_York,"401, 508, 774",,US,41.68,-71.15,21330
MA,01108,0.2857858243451464,51851.0,0.5154864773874986,0.4845135226125014,0.3347232752084912,27143.0,1.0,0.0,0.0,0.0,1.0,1,STANDARD,0,Springfield,,Spfld,MA,Hampden County,America/New_York,413,,US,42.08,-72.56,22810
MA,01040,0.260108613829444,51892.0,0.5114478114478115,0.4885521885521885,0.3893326462251997,31189.0,11.0,1.0,0.0,4.0,5.0,1,STANDARD,0,Holyoke,,Halyoke,MA,Hampden County,America/New_York,413,,US,42.21,-72.64,29470
MA,01364,0.2036109646810754,54061.0,0.5364321608040201,0.4635678391959799,0.2429816069699903,28922.0,2.0,0.0,0.0,1.0,1.0,1,STANDARD,0,Orange,Warwick,"Blissville, Eagleville, Lake Mattawa, N Orange, North Orange",MA,Franklin County,America/New_York,"351, 413, 978",,US,42.59,-72.3,6460
MA,01841,0.199741970268813,54525.0,0.6467857031566483,0.3532142968433517,0.496929285839621,24385.0,4.0,2.0,0.0,0.0,2.0,1,STANDARD,0,Lawrence,,,MA,Essex County,America/New_York,"351, 978",,US,42.72,-71.15,47570
MA,02740,0.1878343267614244,54563.0,0.5683789192795197,0.4316210807204803,0.3449402634534871,30035.0,16.0,0.0,0.0,3.0,11.0,1,STANDARD,0,New Bedford,,,MA,Bristol County,America/New_York,"508, 774",,US,41.64,-70.94,35150
MA,01605,0.254490917057059,54805.0,0.4355074288592294,0.5644925711407706,0.3944135958270234,30686.0,27.0,0.0,0.0,11.0,13.0,1,STANDARD,0,Worcester,,,MA,Worcester County,America/New_York,"508, 774",,US,42.29,-71.79,22330
MA,02744,0.1445259002658503,54841.0,0.5985984755347923,0.4014015244652077,0.3723993128459629,26724.0,11.0,2.0,0.0,2.0,5.0,1,STANDARD,0,New Bedford,,,MA,Bristol County,America/New_York,"508, 774",,US,41.61,-70.91,10220
MA,01247,0.1327557294577976,55544.0,0.4931226765799256,0.5068773234200743,0.2558381674847538,36775.0,16.0,0.0,0.0,1.0,13.0,1,STANDARD,0,North Adams,"Clarksburg, Florida","N Adams, No Adams",MA,Berkshire County,America/New_York,"413, 802",,US,42.68,-73.11,11360
MA,01151,0.1755813953488372,57113.0,0.5685058896466212,0.4314941103533788,0.3899057127010538,26701.0,2.0,1.0,0.0,0.0,1.0,1,STANDARD,0,Indian Orchard,"Indian Orch, Springfield",Spfld,MA,Hampden County,America/New_York,413,,US,42.15,-72.51,7610
MA,01376,0.0892857142857142,57857.0,0.4231562661165549,0.5768437338834451,0.25,35292.0,4.0,1.0,0.0,0.0,3.0,1,STANDARD,0,Turners Falls,,,MA,Franklin County,America/New_York,413,,US,42.59,-72.55,4380
MA,01031,0.2003535651149086,58125.0,0.4490532010820559,0.5509467989179441,0.236728837876614,34862.0,0.0,0.0,0.0,0.0,0.0,1,STANDARD,0,Gilbertville,,Old Furnace,MA,Worcester County,America/New_York,"413, 508, 774",,US,42.33,-72.2,1020
MA,02558,0.1813186813186813,58594.0,0.5770958083832335,0.4229041916167664,0.0853932584269663,46713.0,1.0,0.0,0.0,0.0,1.0,1,PO BOX,0,Onset,,,MA,Plymouth County,America/New_York,"508, 774",,US,41.74,-70.66,2189
MA,01119,0.1807629807320281,59172.0,0.5332753371030883,0.4667246628969117,0.2503351848304922,30312.0,5.0,2.0,0.0,3.0,0.0,1,STANDARD,0,Springfield,,Spfld,MA,Hampden County,America/New_York,413,,US,42.12,-72.51,11120
MA,01550,0.1793559516963772,59397.0,0.5177566954915624,0.4822433045084375,0.3809261300992282,33664.0,9.0,2.0,0.0,2.0,5.0,1,STANDARD,0,Southbridge,,"Globe Village, Sandersdale",MA,Worcester County,America/New_York,"508, 774, 860, 959",,US,42.08,-72.03,15240
MA,01609,0.2151912219026313,61411.0,0.3143787385477398,0.6856212614522602,0.2624544349939247,37853.0,22.0,1.0,0.0,4.0,12.0,1,STANDARD,0,Worcester,,,MA,Worcester County,America/New_York,"508, 774",,US,42.29,-71.83,12910
MA,02120,0.388099173553719,61472.0,0.3737700498719504,0.6262299501280496,0.287248028045574,29186.0,14.0,1.0,0.0,7.0,5.0,1,STANDARD,0,Roxbury Crossing,"Boston, Mission Hill, Roxbury, Roxbury Xing",,MA,Suffolk County,America/New_York,"617, 857",,US,42.33,-71.1,7500
MA,02576,0.1112119836586473,61735.0,0.5727411944869831,0.4272588055130168,0.4049450549450549,38811.0,1.0,0.0,0.0,0.0,0.0,1,STANDARD,0,West Wareham,,W Wareham,MA,Plymouth County,America/New_York,"508, 774",,US,41.78,-70.75,3860
MA,02720,0.1631877920069913,62907.0,0.5029881328438487,0.4970118671561513,0.2687412587412587,36279.0,17.0,1.0,0.0,12.0,4.0,1,STANDARD,0,Fall River,,,MA,Bristol County,America/New_York,"508, 774",,US,41.73,-71.12,25410
MA,02601,0.1186301530522488,62989.0,0.4659402882635552,0.5340597117364447,0.2158676759181385,39177.0,18.0,2.0,0.0,6.0,9.0,1,STANDARD,0,Hyannis,,,MA,Barnstable County,America/New_York,"508, 774",,US,41.65,-70.29,14410
MA,01440,0.1475442433883476,63526.0,0.4639714479108978,0.5360285520891022,0.233787828400399,34495.0,17.0,1.0,0.0,4.0,11.0,1,STANDARD,0,Gardner,,,MA,Worcester County,America/New_York,"351, 978",,US,42.58,-71.98,17300
MA,01603,0.1482831666584561,63646.0,0.4595921707699652,0.5404078292300348,0.3408336407229804,32659.0,13.0,3.0,0.0,4.0,5.0,1,STANDARD,0,Worcester,,Webster Square,MA,Worcester County,America/New_York,"508, 774",,US,42.24,-71.84,17630
MA,01013,0.1769664187514086,64039.0,0.4771212794313638,0.5228787205686362,0.3085139805215205,34418.0,5.0,0.0,0.0,2.0,2.0,1,STANDARD,0,Chicopee,Willimansett,,MA,Hampden County,America/New_York,413,,US,42.15,-72.6,19090
MA,01607,0.1826654240447343,66365.0,0.4688236217999058,0.5311763782000942,0.2527851458885942,38315.0,5.0,1.0,0.0,2.0,2.0,1,STANDARD,0,Worcester,,,MA,Worcester County,America/New_York,"508, 774",,US,42.23,-71.79,7640
MA,01902,0.1579786510081468,66755.0,0.5894909199166418,0.4105090800833581,0.356567242281528,31825.0,4.0,0.0,1.0,1.0,2.0,1,STANDARD,0,Lynn,,,MA,Essex County,America/New_York,"339, 351, 781, 978",,US,42.47,-70.94,42330
MA,01850,0.187312267211342,67581.0,0.5529565868263473,0.4470434131736527,0.2521694742215416,26545.0,5.0,1.0,0.0,0.0,3.0,1,STANDARD,0,Lowell,,,MA,Middlesex County,America/New_York,"351, 978",,US,42.66,-71.3,14350
MA,01331,0.1022593896713615,68345.0,0.4988904579382691,0.5011095420617309,0.2564055299539171,32233.0,7.0,1.0,0.0,4.0,1.0,1,STANDARD,0,Athol,Phillipston,,MA,Worcester County,America/New_York,"351, 978",,US,42.59,-72.23,11930
MA,01570,0.143039369165652,68934.0,0.4099173553719008,0.5900826446280992,0.1972415640064274,38779.0,4.0,1.0,0.0,2.0,1.0,1,STANDARD,0,Webster,Dudley Hill,,MA,Worcester County,America/New_York,"508, 774, 860, 959",,US,42.04,-71.87,15780
MA,01420,0.140720954615807,70334.0,0.4520478800115373,0.5479521199884626,0.2679383452430166,36718.0,4.0,0.0,0.0,1.0,3.0,1,STANDARD,0,Fitchburg,,,MA,Worcester County,America/New_York,"351, 978",,US,42.58,-71.81,35190
MA,01854,0.1946751533028021,70397.0,0.468751780322452,0.531248219677548,0.303970701619121,33835.0,10.0,0.0,0.0,1.0,7.0,1,STANDARD,0,Lowell,,,MA,Middlesex County,America/New_York,"351, 978",,US,42.65,-71.35,20420
MA,01020,0.1352960635130665,70971.0,0.4951191115887515,0.5048808884112485,0.2350861688024746,37714.0,10.0,0.0,1.0,7.0,1.0,1,STANDARD,0,Chicopee,,,MA,Hampden County,America/New_York,413,,US,42.17,-72.57,25820
MA,01082,0.1084648493543758,71023.0,0.4686495176848874,0.5313504823151125,0.2496234129545943,37542.0,3.0,0.0,0.0,2.0,1.0,1,STANDARD,0,Ware,Hardwick,,MA,Hampshire County,America/New_York,"351, 413, 508, 774, 978",,US,42.25,-72.24,9300
MA,02125,0.2351611789447251,71810.0,0.3868880374627501,0.6131119625372499,0.2788720110473144,45158.0,21.0,1.0,0.0,6.0,11.0,1,STANDARD,0,Dorchester,"Boston, Uphams Corner",,MA,Suffolk County,America/New_York,"617, 857",,US,42.32,-71.06,27270
MA,02150,0.2140788765599774,72122.0,0.6168133308369219,0.3831866691630781,0.2578021002810235,31526.0,18.0,0.0,0.0,6.0,10.0,1,STANDARD,0,Chelsea,,,MA,Suffolk County,America/New_York,"339, 617, 781, 857",,US,42.39,-71.03,32310
MA,01843,0.1520967856382601,72163.0,0.5557018265591575,0.4442981734408425,0.3500424008291717,35107.0,12.0,0.0,0.0,6.0,6.0,1,STANDARD,0,Lawrence,,"S Lawrence, South Lawrence",MA,Essex County,America/New_York,"351, 978",,US,42.7,-71.16,25440
MA,02301,0.1354630896174381,72727.0,0.5218275271273558,0.4781724728726442,0.3501461988304093,35370.0,25.0,4.0,0.0,13.0,6.0,1,STANDARD,0,Brockton,,,MA,Plymouth County,America/New_York,"339, 508, 774, 781",,US,42.08,-71.02,58790
MA,02745,0.1196674776966747,73154.0,0.5358241257546418,0.4641758742453582,0.2208661417322834,36353.0,3.0,1.0,0.0,1.0,0.0,1,STANDARD,0,New Bedford,Acushnet,,MA,Bristol County,America/New_York,"508, 774",,US,41.7,-70.95,21790
MA,02780,0.1299636874780367,75054.0,0.4933448527228057,0.5066551472771943,0.2837863167760075,38044.0,11.0,0.0,0.0,4.0,6.0,1,STANDARD,0,Taunton,,,MA,Bristol County,America/New_York,"508, 774",,US,41.9,-71.09,46120
MA,01074,0.4769452449567723,76859.0,0.7334669338677354,0.2665330661322645,0.5670995670995671,31189.0,0.0,0.0,0.0,0.0,0.0,1,PO BOX,0,South Barre,,,MA,Worcester County,America/New_York,"351, 978",,US,42.38,-72.1,655
MA,01852,0.1415518773605865,77058.0,0.4281291121603839,0.571870887839616,0.2221621986629752,39409.0,23.0,1.0,0.0,4.0,15.0,1,STANDARD,0,Lowell,,,MA,Middlesex County,America/New_York,"351, 978",,US,42.63,-71.3,29990
MA,01702,0.1468918882220351,78784.0,0.4368518805138523,0.5631481194861476,0.1813842482100238,43618.0,15.0,2.0,0.0,2.0,10.0,1,STANDARD,0,Framingham,,,MA,Middlesex County,America/New_York,"508, 774",,US,42.28,-71.44,29090
MA,02124,0.1764426328392037,79168.0,0.4192146515598324,0.5807853484401676,0.329864411867714,39879.0,5.0,0.0,0.0,2.0,2.0,1,STANDARD,0,Dorchester Center,"Boston, Dorchester, Dorchestr Ctr",,MA,Suffolk County,America/New_York,"617, 857",,US,42.29,-71.07,42830
MA,02149,0.1438670981305521,79658.0,0.5509748819422313,0.4490251180577686,0.2033368091762252,35941.0,37.0,2.0,0.0,8.0,25.0,1,STANDARD,0,Everett,,,MA,Middlesex County,America/New_York,"339, 617, 781, 857",,US,42.4,-71.05,39480
MA,01830,0.1442102860620815,79784.0,0.4223058317656544,0.5776941682343456,0.242743312464428,41855.0,25.0,2.0,1.0,5.0,14.0,1,STANDARD,0,Haverhill,,,MA,Essex County,America/New_York,"351, 603, 978",,US,42.78,-71.08,23250
MA,02151,0.1226165298339689,80948.0,0.5315632867933165,0.4684367132066834,0.1919825343738387,38785.0,31.0,2.0,0.0,9.0,15.0,1,STANDARD,0,Revere,,"Beachmont, Revere Beach",MA,Suffolk County,America/New_York,"339, 617, 781, 857",,US,42.41,-70.99,51810
MA,01832,0.106889663546277,81141.0,0.4290996085254458,0.5709003914745542,0.2590723850184359,40105.0,9.0,1.0,0.0,1.0,6.0,1,STANDARD,0,Haverhill,,,MA,Essex County,America/New_York,"351, 603, 978",,US,42.79,-71.13,22720
MA,02122,0.1480829100442405,82945.0,0.4384945986758043,0.5615054013241956,0.2340866906867562,45583.0,13.0,0.0,0.0,5.0,6.0,1,STANDARD,0,Dorchester,Boston,,MA,Suffolk County,America/New_York,"617, 857",,US,42.29,-71.04,20630
MA,01905,0.1339897420538355,84341.0,0.5216433092224232,0.4783566907775768,0.2958586416344561,34371.0,15.0,3.0,0.0,1.0,11.0,1,STANDARD,0,Lynn,West Lynn,,MA,Essex County,America/New_York,"339, 781",,US,42.47,-70.98,24980
MA,02302,0.1157494178451752,87560.0,0.5243748215232734,0.4756251784767266,0.2792617775619233,35814.0,7.0,0.0,0.0,3.0,4.0,1,STANDARD,0,Brockton,,,MA,Plymouth County,America/New_York,"339, 508, 774, 781",,US,42.09,-71.0,32830
MA,01851,0.160126820693119,87962.0,0.496005027381273,0.5039949726187269,0.2937019697906545,39517.0,12.0,1.0,0.0,1.0,7.0,1,STANDARD,0,Lowell,,,MA,Middlesex County,America/New_York,"351, 978",,US,42.63,-71.32,28690
MA,01083,0.1209137455691217,92558.0,0.4226190476190476,0.5773809523809523,0.3420577617328519,39722.0,0.0,0.0,0.0,0.0,0.0,1,PO BOX,0,Warren,,,MA,Worcester County,America/New_York,"413, 508, 774",,US,42.21,-72.19,3037
