state,zip,poverty_rate,median_income_household,percent_lower_education,percent_higher_education,percent_snap_participation,per_capita_income,num_food_access,num_grocery,num_food_pantries,num_fast_food,num_restaurants
MA,02663,0.0675790364980466,107024.5,0.065040650406504,0.934959349593496,0.091044142614601,104119.0,0.0,0.0,0.0,0.0,0.0
MA,02652,0.0833333333333333,107024.5,0.4913419913419913,0.5086580086580087,0.0638629283489096,91153.0,2.0,0.0,0.0,0.0,1.0
MA,01066,0.6194029850746269,107024.5,0.6296296296296297,0.3703703703703703,0.4333333333333333,16546.0,0.0,0.0,0.0,0.0,0.0
MA,02647,0.0675790364980466,107024.5,0.1284916201117318,0.8715083798882681,0.091044142614601,82214.0,0.0,0.0,0.0,0.0,0.0
MA,02641,0.0675790364980466,107024.5,0.1229508196721311,0.8770491803278688,0.091044142614601,73811.0,1.0,0.0,0.0,0.0,0.0
MA,02457,0.0675790364980466,107024.5,0.3636363636363636,0.6363636363636364,0.091044142614601,5553.0,0.0,0.0,0.0,0.0,0.0
MA,02325,0.7073170731707317,107024.5,0.2,0.8,0.091044142614601,7596.0,0.0,0.0,0.0,0.0,0.0
MA,01079,0.234375,107024.5,0.5957446808510638,0.4042553191489361,0.3043478260869565,29950.0,0.0,0.0,0.0,0.0,0.0
MA,01224,0.0675790364980466,107024.5,0.4701492537313433,0.5298507462686567,0.091044142614601,65533.0,0.0,0.0,0.0,0.0,0.0
MA,02564,0.5621301775147929,107024.5,0.0961538461538461,0.903846153846154,0.091044142614601,41531.0,4.0,1.0,0.0,0.0,2.0
MA,02366,0.0675790364980466,107024.5,0.7755102040816326,0.2244897959183673,0.091044142614601,11232.0,0.0,0.0,0.0,0.0,0.0
MA,01093,0.0675790364980466,107024.5,0.4042553191489361,0.5957446808510638,0.091044142614601,73452.0,1.0,0.0,0.0,0.0,1.0
MA,01229,0.216,107024.5,0.5771428571428572,0.4228571428571429,0.091044142614601,56496.0,0.0,0.0,0.0,0.0,0.0
MA,01338,0.0675790364980466,107024.5,0.704225352112676,0.2957746478873239,0.091044142614601,45881.0,0.0,0.0,0.0,0.0,0.0
MA,01438,0.0103896103896103,107024.5,0.2679738562091503,0.7320261437908496,0.1848739495798319,47037.0,0.0,0.0,0.0,0.0,0.0
MA,01003,0.0652173913043478,107024.5,0.037037037037037,0.9629629629629628,0.091044142614601,5383.0,21.0,0.0,0.0,1.0,4.0
MA,01937,0.6477272727272727,107024.5,0.8356164383561644,0.1643835616438356,0.091044142614601,3956.0,5.0,0.0,5.0,0.0,0.0
MA,01583,0.0798256163559831,100427.0,0.3083023962200472,0.6916976037799527,0.0881949210706932,53911.0,4.0,0.0,0.0,0.0,2.0
MA,01904,0.0818222688445976,100597.0,0.4140997830802603,0.5859002169197397,0.1181844133599771,44543.0,4.0,0.0,0.0,1.0,3.0
MA,01913,0.0817421027817067,100599.0,0.2696955790117791,0.7303044209882209,0.1204771371769383,56297.0,18.0,1.0,0.0,3.0,12.0
MA,02790,0.0711108402900493,100617.0,0.4336304313226166,0.5663695686773834,0.0944320712694877,51340.0,3.0,0.0,0.0,1.0,1.0
MA,01906,0.0876595744680851,100819.0,0.4306873408933117,0.5693126591066883,0.1155966732081113,46929.0,25.0,2.0,2.0,8.0,12.0
MA,01342,0.1697065820777161,100917.0,0.3244575936883629,0.6755424063116371,0.1297539149888143,43523.0,0.0,0.0,0.0,0.0,0.0
MA,02655,0.050857308921825,100927.0,0.138680926916221,0.861319073083779,0.0475319926873857,90850.0,1.0,0.0,0.0,0.0,1.0
MA,01028,0.0356468069026325,100997.0,0.262744397821623,0.7372556021783769,0.0764896704797678,50004.0,6.0,2.0,0.0,0.0,2.0
MA,01473,0.034363411619283,101161.0,0.3316533896927329,0.6683466103072672,0.0687022900763358,52457.0,2.0,0.0,0.0,1.0,1.0
MA,01731,0.0675790364980466,101194.0,0.0662983425414364,0.9337016574585636,0.0121212121212121,34297.0,2.0,1.0,0.0,1.0,0.0
MA,02370,0.0727345446234716,101475.0,0.3695462131447191,0.630453786855281,0.1407985589912939,48224.0,2.0,0.0,0.0,1.0,1.0
MA,01010,0.0607540005424464,101477.0,0.3276734104046243,0.6723265895953757,0.0858688302907369,54340.0,0.0,0.0,0.0,0.0,0.0
MA,02170,0.0841571479793064,101840.0,0.3360703812316715,0.6639296187683285,0.1491768254367224,49697.0,24.0,2.0,0.0,1.0,14.0
MA,01368,0.1120274914089347,101875.0,0.4624881291547958,0.5375118708452041,0.128440366972477,39802.0,0.0,0.0,0.0,0.0,0.0
MA,02671,0.0293333333333333,101917.0,0.1369539551357733,0.8630460448642266,0.0191489361702127,81647.0,1.0,0.0,0.0,1.0,0.0
MA,01501,0.0368009621166566,101929.0,0.3200874069278083,0.6799125930721917,0.1413075344473761,50080.0,13.0,2.0,0.0,5.0,6.0
MA,02188,0.0580995235574378,102236.0,0.3506363027461487,0.6493636972538513,0.128134110787172,56183.0,3.0,0.0,0.0,2.0,0.0
MA,01452,0.0754014428671166,102344.0,0.3412184057031756,0.6587815942968244,0.0932515337423312,44441.0,1.0,0.0,0.0,0.0,0.0
MA,01915,0.1069688680474143,102347.0,0.2483968712564301,0.7516031287435698,0.134717527764365,55760.0,32.0,0.0,0.0,4.0,24.0
MA,01360,0.0715036803364879,102470.0,0.3300404131118096,0.6699595868881904,0.082612116443745,50897.0,0.0,0.0,0.0,0.0,0.0
MA,01952,0.0553251855085115,102521.0,0.3127740840288584,0.6872259159711416,0.1006195786864931,53254.0,8.0,0.0,0.0,1.0,5.0
MA,01373,0.0342368045649072,102578.0,0.2334217506631299,0.76657824933687,0.0721425467188179,60727.0,10.0,0.0,0.0,2.0,7.0
MA,01072,0.0431705590941259,103188.0,0.1806395851339671,0.8193604148660328,0.1041322314049586,49614.0,0.0,0.0,0.0,0.0,0.0
MA,01844,0.0893068550696963,103292.0,0.4107740501753728,0.5892259498246272,0.1945641189298441,44672.0,15.0,1.0,0.0,8.0,5.0
MA,02368,0.0931758149255464,103321.0,0.3730801121332965,0.6269198878667035,0.2475708981752113,47844.0,29.0,2.0,0.0,13.0,13.0
MA,01034,0.0634765625,103603.0,0.3319123020706455,0.6680876979293544,0.0285062713797035,55380.0,0.0,0.0,0.0,0.0,0.0
MA,02072,0.0699502591394483,104164.0,0.343752942284154,0.656247057715846,0.1195101740171254,49598.0,17.0,2.0,1.0,5.0,9.0
MA,02657,0.1292119186856029,104500.0,0.1893597835888187,0.8106402164111812,0.143559488692232,89803.0,64.0,0.0,7.0,4.0,42.0
MA,02791,0.0675790364980466,104712.0,0.0380622837370242,0.9619377162629758,0.091044142614601,82970.0,0.0,0.0,0.0,0.0,0.0
MA,01270,0.043043043043043,104961.0,0.2701986754966887,0.7298013245033113,0.075187969924812,56308.0,2.0,0.0,0.0,0.0,0.0
MA,02171,0.1163015300157576,104992.0,0.3095252908604492,0.6904747091395508,0.1208544125913434,59649.0,26.0,0.0,1.0,8.0,12.0
MA,02644,0.0446096654275092,105000.0,0.2623801916932907,0.7376198083067093,0.109375,52576.0,0.0,0.0,0.0,0.0,0.0
MA,01432,0.0714196528904981,105142.0,0.2953241786893794,0.7046758213106206,0.1042735042735042,56876.0,11.0,0.0,1.0,6.0,3.0
MA,02748,0.0543603364320495,105455.0,0.3538928210313448,0.6461071789686552,0.1555418211784095,63784.0,9.0,0.0,0.0,0.0,5.0
MA,01096,0.0438247011952191,105729.0,0.2372022301064369,0.7627977698935631,0.0541549953314659,53903.0,4.0,1.0,0.0,0.0,2.0
MA,01536,0.0818382555892906,105795.0,0.2699539524174981,0.7300460475825019,0.1400198609731877,52781.0,1.0,0.0,0.0,0.0,1.0
MA,02152,0.0818756585879873,106357.0,0.3139188422247446,0.6860811577752554,0.1280626420813336,59226.0,4.0,0.0,0.0,0.0,3.0
MA,02338,0.0276915113871635,106851.0,0.3396262035114215,0.6603737964885784,0.1173693086003372,48218.0,5.0,0.0,0.0,0.0,4.0
MA,02343,0.074074074074074,107198.0,0.3538591821921122,0.6461408178078877,0.1178546224417784,47224.0,3.0,0.0,0.0,0.0,3.0
MA,01749,0.0550983540746688,107202.0,0.292448951623955,0.707551048376045,0.0727521452555652,55095.0,26.0,2.0,0.0,5.0,15.0
MA,01071,0.0381254964257347,107292.0,0.4678111587982833,0.5321888412017167,0.0708955223880597,54988.0,0.0,0.0,0.0,0.0,0.0
MA,02718,0.1132127955493741,107570.0,0.4022027330205996,0.5977972669794004,0.0704281712685074,39920.0,0.0,0.0,0.0,0.0,0.0
MA,01366,0.0649122807017543,107656.0,0.284789644012945,0.7152103559870551,0.0777537796976241,47450.0,0.0,0.0,0.0,0.0,0.0
MA,01542,0.0181950509461426,107674.0,0.35,0.65,0.0994263862332696,49239.0,0.0,0.0,0.0,0.0,0.0
MA,01801,0.0653955634079309,107754.0,0.3163858905813914,0.6836141094186086,0.11320293398533,56975.0,39.0,2.0,0.0,7.0,26.0
MA,02382,0.0639957688747851,107794.0,0.3702405758666414,0.6297594241333586,0.0846367744177963,46233.0,1.0,0.0,0.0,1.0,0.0
MA,02668,0.0132286068623398,108042.0,0.1425520555258942,0.8574479444741057,0.0690978886756238,48583.0,4.0,0.0,0.0,3.0,0.0
MA,01253,0.0225,108068.0,0.2655086848635236,0.7344913151364765,0.0545905707196029,61152.0,0.0,0.0,0.0,0.0,0.0
MA,01835,0.035392136610893,108275.0,0.289904570567554,0.710095429432446,0.1146368305209097,48728.0,1.0,0.0,0.0,0.0,1.0
MA,02035,0.0524200119506763,108559.0,0.206023433199654,0.793976566800346,0.1011298646952155,62746.0,27.0,2.0,0.0,3.0,20.0
MA,01077,0.0420733029711559,108833.0,0.3774680603948896,0.6225319396051103,0.0745406824146981,50685.0,3.0,0.0,1.0,0.0,1.0
MA,01094,0.0675790364980466,109000.0,0.3695652173913043,0.6304347826086957,0.3125,29645.0,0.0,0.0,0.0,0.0,0.0
MA,02131,0.0998012310848935,109237.0,0.3064981336952833,0.6935018663047167,0.1927865692023455,58481.0,15.0,2.0,0.0,3.0,9.0
MA,02760,0.0538387252535007,109350.0,0.2948711910705034,0.7051288089294966,0.0910067779798313,55975.0,6.0,1.0,0.0,2.0,3.0
MA,01434,0.0964705882352941,109651.0,0.4877384196185286,0.5122615803814714,0.0457317073170731,30963.0,5.0,0.0,0.0,4.0,1.0
MA,01462,0.0718001193826213,109884.0,0.3186291948298351,0.6813708051701648,0.0888056412516527,50853.0,2.0,0.0,0.0,1.0,1.0
MA,02763,0.0337289194253591,109970.0,0.2069256756756756,0.7930743243243243,0.0158520475561426,59115.0,0.0,0.0,0.0,0.0,0.0
MA,01033,0.0500411522633744,110188.0,0.33589370977787,0.66410629022213,0.0374163056321386,60649.0,1.0,0.0,0.0,1.0,0.0
MA,02113,0.1104964114832535,110321.0,0.1080582325199918,0.8919417674800082,0.0458128078817734,86182.0,56.0,0.0,0.0,2.0,42.0
MA,02726,0.0398446947998217,110427.0,0.372411517201551,0.6275884827984489,0.0860643185298621,50108.0,0.0,0.0,0.0,0.0,0.0
MA,01431,0.0285534985880138,110536.0,0.325219473264166,0.674780526735834,0.0284810126582278,55297.0,0.0,0.0,0.0,0.0,0.0
MA,01036,0.023464599061416,110703.0,0.2311380267474135,0.7688619732525864,0.0468193384223918,50922.0,0.0,0.0,0.0,0.0,0.0
MA,02538,0.0496217178460169,110882.0,0.3819139596136962,0.6180860403863038,0.132830626450116,43860.0,3.0,1.0,0.0,2.0,0.0
MA,01468,0.04539785482664,110938.0,0.3091085271317829,0.6908914728682171,0.144777031154551,48621.0,1.0,0.0,0.0,0.0,0.0
MA,01908,0.0459106111280024,111004.0,0.225284821756707,0.774715178243293,0.0486284289276807,91157.0,0.0,0.0,0.0,0.0,0.0
MA,01346,0.084788029925187,111150.0,0.32,0.68,0.1724137931034483,61134.0,0.0,0.0,0.0,0.0,0.0
MA,01518,0.0918936659008861,111193.0,0.2911392405063291,0.7088607594936709,0.2405773857257417,58296.0,3.0,0.0,0.0,1.0,1.0
MA,02666,0.0649762282091917,111344.0,0.1561514195583596,0.8438485804416404,0.1727493917274939,67068.0,2.0,0.0,0.0,1.0,0.0
MA,01826,0.0671245222039218,111451.0,0.4020569137577897,0.5979430862422103,0.1372952506379126,47708.0,5.0,0.0,0.0,2.0,2.0
MA,02675,0.0619345859429366,111555.0,0.1717984604618614,0.8282015395381386,0.0684422421802415,63929.0,0.0,0.0,0.0,0.0,0.0
MA,02360,0.0580969503262751,111975.0,0.2796520933367029,0.7203479066632971,0.078498954379986,57099.0,52.0,2.0,0.0,13.0,29.0
MA,01038,0.0652794777641778,112083.0,0.1968967362225789,0.803103263777421,0.0536723163841807,57308.0,1.0,0.0,0.0,0.0,0.0
MA,02324,0.0418902187371027,112445.0,0.383494376683035,0.616505623316965,0.0909771220868077,50770.0,3.0,1.0,0.0,0.0,2.0
MA,02341,0.0231219418593495,112457.0,0.3692641868042357,0.6307358131957643,0.0829342072094782,57742.0,3.0,1.0,0.0,1.0,1.0
MA,02180,0.0471046186144156,112635.0,0.2767200972165962,0.7232799027834037,0.0728991596638655,60479.0,25.0,1.0,0.0,7.0,13.0
MA,02452,0.1126658039469427,112902.0,0.2666104197426703,0.7333895802573297,0.0988286969253294,50931.0,12.0,0.0,0.0,6.0,3.0
MA,01469,0.0693041526374859,113162.0,0.3023789649415693,0.6976210350584308,0.0744640842421963,48392.0,5.0,1.0,0.0,1.0,3.0
MA,01254,0.0520291363163371,113304.0,0.2011904761904762,0.7988095238095239,0.0440835266821345,97115.0,0.0,0.0,0.0,0.0,0.0
MA,01245,0.0833333333333333,113750.0,0.21996879875195,0.7800312012480499,0.0341614906832298,69203.0,1.0,0.0,0.0,0.0,1.0
MA,01054,0.0930493273542601,113750.0,0.1756457564575645,0.8243542435424355,0.1078431372549019,62211.0,0.0,0.0,0.0,0.0,0.0
MA,02453,0.0837907593878367,114029.0,0.2528779193708844,0.7471220806291156,0.0787606433301797,58114.0,48.0,4.0,0.0,9.0,30.0
MA,01039,0.0393518518518518,115114.0,0.1619190404797601,0.8380809595202399,0.0447330447330447,56602.0,1.0,0.0,0.0,0.0,0.0
MA,01430,0.0966426106055851,115146.0,0.2308758955396348,0.7691241044603652,0.0819949281487743,46141.0,4.0,0.0,0.0,1.0,3.0
MA,01747,0.0435871743486974,115216.0,0.2916026625704045,0.7083973374295955,0.086596038691847,56273.0,0.0,0.0,0.0,0.0,0.0
MA,02667,0.0563051375194603,115469.0,0.2208081450843143,0.7791918549156857,0.079814921920185,51957.0,7.0,0.0,0.0,2.0,5.0
MA,01529,0.0789639924194567,115789.0,0.3688627780109106,0.6311372219890894,0.0507364975450081,49560.0,0.0,0.0,0.0,0.0,0.0
MA,02364,0.0320569902048085,115863.0,0.2148016226377758,0.7851983773622242,0.0776996574725076,56247.0,4.0,2.0,0.0,1.0,1.0
MA,01527,0.049380014587892,116000.0,0.3610652152784527,0.6389347847215473,0.1022297808012093,49530.0,14.0,1.0,0.0,2.0,9.0
MA,02771,0.0412277867528271,116310.0,0.325678496868476,0.6743215031315241,0.0880793569351804,50340.0,4.0,1.0,1.0,0.0,2.0
MA,01860,0.0857872596153846,116477.0,0.2769291807181115,0.7230708192818885,0.114760147601476,50957.0,2.0,0.0,0.0,2.0,0.0
MA,02191,0.0598794717271445,116496.0,0.3182318703791096,0.6817681296208904,0.0608768500418877,57391.0,2.0,0.0,0.0,0.0,2.0
MA,02777,0.0319500117896722,116627.0,0.3809669992325403,0.6190330007674597,0.1151164515650497,48644.0,6.0,0.0,0.0,5.0,1.0
MA,01923,0.0394005228854439,117072.0,0.2754787797132134,0.7245212202867867,0.0797934969658545,55308.0,16.0,3.0,1.0,6.0,6.0
MA,01969,0.008641774009457,117177.0,0.1907339250920112,0.8092660749079887,0.0844316309719934,66485.0,2.0,1.0,0.0,1.0,0.0
MA,02739,0.0253417293810474,117308.0,0.1922477600311647,0.8077522399688352,0.0719569603227975,76625.0,2.0,0.0,0.0,0.0,2.0
MA,02563,0.0408163265306122,117558.0,0.2401540564045223,0.7598459435954777,0.0506535947712418,68299.0,12.0,1.0,0.0,2.0,5.0
MA,01035,0.0446428571428571,117580.0,0.1839842790469172,0.8160157209530828,0.0976886175316179,60820.0,21.0,2.0,0.0,3.0,8.0
MA,02638,0.0537190082644628,117619.0,0.3061444484369385,0.6938555515630614,0.0496402877697841,64893.0,2.0,0.0,0.0,0.0,1.0
MA,02375,0.0417944449312187,117717.0,0.2376140004929751,0.7623859995070249,0.1133998265394622,61489.0,22.0,1.0,0.0,6.0,12.0
MA,02635,0.0256069171932158,118295.0,0.2165605095541401,0.7834394904458599,0.0354306658521686,73217.0,0.0,0.0,0.0,0.0,0.0
MA,02199,0.167076167076167,118367.0,0.0502369668246445,0.9497630331753556,0.0133333333333333,122935.0,22.0,1.0,0.0,5.0,12.0
MA,01611,0.0636237897648686,118389.0,0.4342342342342342,0.5657657657657658,0.0836363636363636,42150.0,0.0,0.0,0.0,0.0,0.0
MA,01540,0.0368114406779661,118389.0,0.4223609943557103,0.5776390056442896,0.1942098914354644,44917.0,6.0,1.0,0.0,2.0,2.0
MA,02155,0.0741230862005427,118403.0,0.2574101898647726,0.7425898101352274,0.1041242983811925,59655.0,56.0,5.0,0.0,20.0,22.0
MA,01522,0.060553633217993,118824.0,0.1622390891840607,0.8377609108159393,0.0492359932088285,48960.0,1.0,0.0,0.0,0.0,1.0
MA,02770,0.0312387143373058,119164.0,0.3196581196581196,0.6803418803418804,0.0819437827536922,53527.0,0.0,0.0,0.0,0.0,0.0
MA,02145,0.1027538913682377,119167.0,0.2964474538540024,0.7035525461459976,0.1156035493052067,63125.0,34.0,1.0,0.0,9.0,21.0
MA,02451,0.0807854290871301,119509.0,0.2712003583159152,0.7287996416840848,0.0787380699893955,64400.0,32.0,2.0,0.0,13.0,15.0
MA,01754,0.08217505634861,119549.0,0.1672838717915975,0.8327161282084025,0.0573507382837577,66632.0,22.0,1.0,0.0,5.0,11.0
MA,02767,0.0940496519112045,119550.0,0.3135085292761641,0.6864914707238359,0.1136401955825324,53355.0,9.0,3.0,0.0,5.0,1.0
MA,02367,0.0833333333333333,119750.0,0.3951497860199714,0.6048502139800286,0.1221374045801526,53289.0,0.0,0.0,0.0,0.0,0.0
MA,02351,0.0546425393058439,119787.0,0.3484674643501065,0.6515325356498934,0.1053122087604846,52259.0,1.0,0.0,0.0,1.0,0.0
MA,01507,0.0376502608301202,119809.0,0.3647432503970355,0.6352567496029645,0.1032750653003817,53336.0,20.0,1.0,0.0,8.0,9.0
MA,02738,0.0535955272797378,120227.0,0.3486381322957198,0.6513618677042802,0.0578680203045685,78765.0,0.0,0.0,0.0,0.0,0.0
MA,02141,0.148262331838565,120542.0,0.1399304576637534,0.8600695423362466,0.093460528134937,74899.0,29.0,0.0,0.0,5.0,20.0
MA,02019,0.0512320510547775,120966.0,0.3289724484491422,0.6710275515508577,0.1114644617586261,51448.0,17.0,4.0,0.0,7.0,4.0
MA,02632,0.0668582537401741,121295.0,0.2477914242620125,0.7522085757379875,0.0578408853622885,57480.0,4.0,0.0,0.0,0.0,4.0
MA,01464,0.0209872397582269,121875.0,0.3994732221246708,0.6005267778753293,0.0861064891846921,48541.0,1.0,0.0,0.0,1.0,0.0
MA,02138,0.1203914506099425,122040.0,0.0616396317404647,0.9383603682595352,0.0470538661422852,74990.0,112.0,5.0,0.0,22.0,59.0
MA,01503,0.0502569960022844,122411.0,0.28816029143898,0.7118397085610201,0.0718728403593642,64003.0,7.0,0.0,0.0,4.0,1.0
MA,01569,0.0323921456213272,122458.0,0.3115884903429247,0.6884115096570753,0.0655134339344865,53336.0,1.0,1.0,0.0,0.0,0.0
MA,02472,0.0644922796940313,123383.0,0.1863620135665833,0.8136379864334167,0.0656596794081381,72808.0,38.0,3.0,1.0,6.0,25.0
MA,02779,0.0127426285375611,123877.0,0.3441278950604632,0.6558721049395367,0.0875054418807139,53173.0,1.0,0.0,0.0,0.0,1.0
MA,02026,0.0407560785600065,124375.0,0.2635032537960954,0.7364967462039046,0.0941050791492667,67595.0,31.0,3.0,0.0,6.0,17.0
MA,01938,0.0659965034965035,124405.0,0.1958692911858819,0.8041307088141181,0.0642695848532221,72497.0,7.0,0.0,0.0,1.0,4.0
MA,02379,0.0632421614409606,124483.0,0.3173951828724353,0.6826048171275647,0.0837969401947148,52738.0,0.0,0.0,0.0,0.0,0.0
MA,02139,0.1230303903211868,124648.0,0.1250375375375375,0.8749624624624625,0.1338563068111069,70682.0,104.0,3.0,2.0,19.0,59.0
MA,01095,0.0384856724534616,124682.0,0.2392138063279003,0.7607861936720998,0.0935465873163474,57650.0,2.0,0.0,0.0,1.0,1.0
MA,02356,0.078877803359768,124719.0,0.2516199890170236,0.7483800109829764,0.091044142614601,65937.0,19.0,2.0,1.0,6.0,8.0
MA,01505,0.0804123711340206,124732.0,0.1548084440969507,0.8451915559030493,0.0393374741200828,71483.0,3.0,0.0,0.0,1.0,2.0
MA,02184,0.050752519303756,125305.0,0.3018861094015856,0.6981138905984143,0.1120719715461329,57041.0,33.0,2.0,0.0,20.0,9.0
MA,02050,0.0788545743402952,125436.0,0.2060106382978723,0.7939893617021276,0.0846003898635477,62893.0,4.0,2.0,0.0,2.0,0.0
MA,02554,0.0432116788321167,125524.0,0.2030531363147079,0.7969468636852921,0.0847733279121772,73285.0,9.0,1.0,0.0,0.0,7.0
MA,01073,0.018431689571544,125534.0,0.2669322709163346,0.7330677290836654,0.1059253246753246,59434.0,1.0,1.0,0.0,0.0,0.0
MA,01259,0.032023289665211,125795.0,0.2690839694656488,0.7309160305343512,0.0246478873239436,56232.0,1.0,0.0,0.0,0.0,0.0
MA,02464,0.046642899584076,125846.0,0.0893814801573114,0.9106185198426886,0.0422939068100358,73575.0,8.0,0.0,1.0,3.0,2.0
MA,01718,0.0027137042062415,125972.0,0.289904570567554,0.710095429432446,0.091044142614601,64478.0,2.0,0.0,0.0,0.0,2.0
MA,02143,0.0861297095994611,126102.0,0.1604430069587376,0.8395569930412624,0.0989119683481701,77591.0,75.0,6.0,0.0,13.0,48.0
MA,02769,0.0476493516824437,126161.0,0.3306819386997561,0.669318061300244,0.0243377126857635,51692.0,0.0,0.0,0.0,0.0,0.0
MA,02347,0.0477268768507228,126182.0,0.3051326129666011,0.6948673870333988,0.1176330231448341,52254.0,1.0,0.0,0.0,0.0,0.0
MA,01876,0.0313771826178285,126795.0,0.3571398078975453,0.6428601921024546,0.0722015556307067,55480.0,14.0,2.0,1.0,4.0,5.0
MA,01463,0.0630895716140199,126824.0,0.2657897855196113,0.7342102144803887,0.0689495603887089,56602.0,5.0,0.0,0.0,4.0,1.0
MA,02176,0.0403054585302376,126854.0,0.227322206095791,0.772677793904209,0.0625808538163001,65038.0,33.0,2.0,0.0,5.0,21.0
MA,01701,0.0539562784082124,127000.0,0.2010932228722722,0.7989067771277277,0.0893470790378006,63262.0,29.0,3.0,0.0,10.0,12.0
MA,01721,0.0417185891531668,127106.0,0.178553651425727,0.8214463485742729,0.0718341476297372,69216.0,20.0,2.0,0.0,4.0,12.0
MA,02045,0.0360182070057391,127112.0,0.2236999760364246,0.7763000239635753,0.0843715846994535,73136.0,13.0,1.0,0.0,1.0,10.0
MA,01982,0.0490037695207323,127137.0,0.150656267833365,0.849343732166635,0.0581095991173225,62116.0,2.0,1.0,0.0,1.0,0.0
MA,02725,0.017921146953405,127228.0,0.3366107576633892,0.6633892423366108,0.0413625304136253,90249.0,13.0,1.0,0.0,7.0,5.0
MA,02116,0.1513425549227013,127309.0,0.1559899117276166,0.8440100882723833,0.1434273318872017,124696.0,154.0,1.0,1.0,30.0,89.0
MA,02766,0.0588741607849888,127404.0,0.3239868049010367,0.6760131950989633,0.096523330283623,52342.0,10.0,0.0,0.0,2.0,4.0
MA,02446,0.1229936182556565,127519.0,0.0869565217391304,0.9130434782608696,0.0912241785664771,85590.0,64.0,3.0,0.0,6.0,46.0
MA,01907,0.0664808917197452,127714.0,0.1806572602250402,0.8193427397749599,0.0713834491471888,75836.0,6.0,1.0,0.0,5.0,0.0
MA,01258,0.0319148936170212,127813.0,0.206060606060606,0.793939393939394,0.0235294117647058,55275.0,0.0,0.0,0.0,0.0,0.0
MA,02021,0.0507406634675568,128341.0,0.1693070981563962,0.8306929018436038,0.1032344734938514,74606.0,12.0,1.0,0.0,5.0,5.0
MA,02333,0.0391621129326047,128679.0,0.3328696343402226,0.6671303656597775,0.117915180340864,58078.0,7.0,0.0,0.0,2.0,4.0
MA,02322,0.0296924708377518,129487.0,0.4134296898524541,0.5865703101475459,0.1874265569917743,47100.0,3.0,0.0,1.0,2.0,0.0
MA,01756,0.0686936936936937,129837.0,0.2193223443223443,0.7806776556776557,0.1088920589633856,52395.0,2.0,0.0,0.0,0.0,0.0
MA,01474,0.0988433228180862,130156.0,0.4132132132132132,0.5867867867867868,0.1055341055341055,46643.0,0.0,0.0,0.0,0.0,0.0
MA,01880,0.0419997748001351,130419.0,0.2519261161596207,0.7480738838403793,0.0594408757803311,67048.0,44.0,1.0,0.0,3.0,36.0
MA,01523,0.0312114989733059,130444.0,0.2906419674225487,0.7093580325774513,0.1277173913043478,49297.0,3.0,0.0,1.0,0.0,0.0
MA,02130,0.1232409067465677,130533.0,0.169381209910703,0.830618790089297,0.1160196340919232,72568.0,59.0,2.0,8.0,11.0,28.0
MA,02648,0.0308721378955492,131125.0,0.2542166579725265,0.7457833420274734,0.046174142480211,53898.0,2.0,0.0,1.0,1.0,0.0
MA,02537,0.0729721265267773,131150.0,0.2247383037812433,0.7752616962187566,0.0702995008319467,62595.0,2.0,0.0,0.0,1.0,0.0
MA,01862,0.0753882445449184,131214.0,0.3536416184971098,0.6463583815028902,0.0774664469036967,49214.0,7.0,1.0,0.0,3.0,2.0
MA,02048,0.046714039439936,131409.0,0.2433419115446765,0.7566580884553235,0.1023385300668151,61744.0,18.0,0.0,0.0,6.0,12.0
MA,02066,0.0229860249285059,131889.0,0.1333234244946492,0.8666765755053508,0.0573231659216408,83964.0,3.0,0.0,0.0,1.0,1.0
MA,02110,0.1480530594779632,132239.0,0.0489882854100106,0.9510117145899892,0.066938775510204,151501.0,67.0,1.0,0.0,26.0,25.0
MA,01612,0.0137205579693574,133750.0,0.2169553327256153,0.7830446672743847,0.0477648499693815,54061.0,1.0,0.0,0.0,0.0,0.0
MA,02556,0.0308293530178028,133929.0,0.0954157782515991,0.9045842217484008,0.0542279411764705,70101.0,1.0,0.0,0.0,0.0,1.0
MA,01845,0.0741583562010575,134319.0,0.2058610534446965,0.7941389465553035,0.0732575297283222,65004.0,24.0,2.0,1.0,4.0,12.0
MA,01581,0.0456816559600285,134474.0,0.1834776189517482,0.8165223810482518,0.0503409795412275,68311.0,23.0,2.0,0.0,6.0,11.0
MA,01534,0.0289804469273743,134539.0,0.3331133113311331,0.6668866886688669,0.0847528043207312,62236.0,0.0,0.0,0.0,0.0,0.0
MA,01760,0.04575,134644.0,0.1647058823529411,0.8352941176470589,0.0759864565698658,76455.0,34.0,2.0,0.0,15.0,15.0
MA,02114,0.1127942204614309,135057.0,0.0816778924034444,0.9183221075965556,0.0985985985985986,112365.0,64.0,2.0,0.0,21.0,28.0
MA,01834,0.0317413230495401,135521.0,0.2731509625126646,0.7268490374873353,0.0688622754491018,62387.0,3.0,0.0,0.0,0.0,3.0
MA,01566,0.0185430463576158,135802.0,0.238323124042879,0.761676875957121,0.0711206896551724,58696.0,14.0,2.0,0.0,6.0,6.0
MA,01564,0.0248988877654196,136027.0,0.2322789943227899,0.76772100567721,0.0651842826682912,69535.0,2.0,0.0,0.0,1.0,1.0
MA,01545,0.0389371354504212,136225.0,0.1768840874616153,0.8231159125383847,0.0654121863799283,67401.0,39.0,5.0,0.0,13.0,17.0
MA,01863,0.031348621922996,136284.0,0.2255584566289527,0.7744415433710473,0.100606394707828,54802.0,4.0,0.0,0.0,2.0,1.0
MA,02140,0.1048169197801174,136382.0,0.1180235062457694,0.8819764937542305,0.1101694915254237,84932.0,34.0,2.0,0.0,6.0,22.0
MA,02715,0.041988950276243,137500.0,0.3279029462738301,0.6720970537261698,0.0457063711911357,58152.0,0.0,0.0,0.0,0.0,0.0
MA,02630,0.0010678056593699,137875.0,0.0746349378042185,0.9253650621957816,0.0152761457109283,60845.0,3.0,0.0,0.0,0.0,2.0
MA,02474,0.0464752144051813,139199.0,0.1277077729010335,0.8722922270989665,0.076354884222757,79137.0,41.0,0.0,1.0,3.0,30.0
MA,02132,0.0407827848488323,139545.0,0.1817467720555746,0.8182532279444253,0.1095409540954095,72857.0,10.0,1.0,0.0,1.0,7.0
MA,02764,0.0227682596934174,140135.0,0.2790776534418447,0.7209223465581553,0.1424657534246575,48449.0,0.0,0.0,0.0,0.0,0.0
MA,02144,0.1175613900238682,140591.0,0.1467463128403023,0.8532536871596976,0.0738165284835517,78130.0,59.0,0.0,0.0,6.0,41.0
MA,02562,0.0346820809248554,141324.0,0.1888556469708302,0.8111443530291698,0.0120396600566572,57341.0,5.0,0.0,0.0,1.0,3.0
MA,02359,0.0323161744636716,141332.0,0.2869750456482045,0.7130249543517955,0.0472519628836545,60532.0,1.0,0.0,0.0,1.0,0.0
MA,01824,0.052764672579732,141337.0,0.2005588653977961,0.7994411346022038,0.0864410214835833,62524.0,24.0,2.0,0.0,4.0,16.0
MA,01803,0.0520660198678056,142421.0,0.2259414225941422,0.7740585774058577,0.0535481933740366,66552.0,67.0,2.0,0.0,25.0,32.0
MA,01821,0.0353155024668917,142564.0,0.3089409493726419,0.6910590506273581,0.0898271218834158,59108.0,3.0,1.0,0.0,0.0,2.0
MA,01262,0.1452353616532721,142679.0,0.2423611111111111,0.7576388888888889,0.1027190332326284,81122.0,0.0,0.0,0.0,0.0,0.0
MA,02038,0.0459994336595035,142788.0,0.2057462653681752,0.7942537346318248,0.0671043034281546,63724.0,16.0,1.0,1.0,4.0,5.0
MA,02717,0.0256572029442691,143281.0,0.4058651026392962,0.5941348973607038,0.0311526479750778,52479.0,2.0,0.0,0.0,1.0,1.0
MA,01106,0.0377711776859504,143961.0,0.1250674824545618,0.8749325175454382,0.0577445652173913,69046.0,2.0,0.0,0.0,2.0,0.0
MA,01879,0.0461849010900282,144167.0,0.2476776450717819,0.7523223549282181,0.1145384983261597,56868.0,8.0,0.0,0.0,1.0,6.0
MA,01950,0.0584953601414052,144259.0,0.1430462602044568,0.8569537397955431,0.0746919917864476,78121.0,13.0,1.0,0.0,2.0,8.0
MA,02535,0.0522123893805309,144833.0,0.1047205642973412,0.8952794357026587,0.0150375939849624,83799.0,4.0,1.0,0.0,1.0,1.0
MA,02476,0.066762095619811,145150.0,0.1386800334168755,0.8613199665831245,0.0727831881086622,89164.0,23.0,3.0,1.0,2.0,13.0
MA,02702,0.0577584231033692,145324.0,0.2625506704084814,0.7374493295915185,0.1097019657577679,50205.0,0.0,0.0,0.0,0.0,0.0
MA,02445,0.0883607835940725,145878.0,0.0658372213582167,0.9341627786417832,0.0516989785282468,98469.0,25.0,1.0,0.0,1.0,19.0
MA,01460,0.0695590899939601,146250.0,0.2075656058068118,0.7924343941931882,0.0987077261479241,64913.0,15.0,1.0,0.0,8.0,5.0
MA,01520,0.0435512897420515,147582.0,0.1864801864801865,0.8135198135198135,0.0539858728557013,57294.0,14.0,1.0,0.0,3.0,7.0
MA,01516,0.0305003798979702,147859.0,0.284723269491781,0.7152767305082189,0.101715317484201,62124.0,0.0,0.0,0.0,0.0,0.0
MA,02093,0.0375649840684219,147930.0,0.2458460495083079,0.7541539504916921,0.0771331058020477,66485.0,14.0,0.0,0.0,2.0,8.0
MA,02054,0.0420768870135958,149021.0,0.2596496667183382,0.7403503332816618,0.0292639668932899,68784.0,3.0,1.0,0.0,0.0,2.0
MA,02081,0.0435845213849287,150233.0,0.1993717124488603,0.8006282875511397,0.0562551327675882,70640.0,13.0,0.0,0.0,2.0,8.0
MA,01541,0.03862660944206,150577.0,0.1565656565656565,0.8434343434343434,0.0362537764350453,73647.0,2.0,0.0,0.0,0.0,2.0
MA,01864,0.0270428015564202,150820.0,0.2321604440863103,0.7678395559136897,0.0959699453551912,77743.0,11.0,1.0,0.0,2.0,6.0
MA,02047,0.0675790364980466,151000.0,0.495575221238938,0.504424778761062,0.091044142614601,72711.0,0.0,0.0,0.0,0.0,0.0
MA,01719,0.0402782863419992,151000.0,0.0942241149853606,0.9057758850146392,0.0619909502262443,75416.0,2.0,0.0,0.0,0.0,1.0
MA,01929,0.0850292723724561,151509.0,0.1539984164687252,0.8460015835312747,0.0949126803340926,69734.0,5.0,0.0,0.0,0.0,4.0
MA,02458,0.0438250157927984,151782.0,0.1267912772585669,0.873208722741433,0.0619433999604195,80064.0,7.0,0.0,0.0,0.0,6.0
MA,01833,0.0304441260744985,153565.0,0.1994600067499156,0.8005399932500844,0.0409393843224373,65260.0,9.0,0.0,0.0,2.0,4.0
MA,01519,0.0546240503012837,153750.0,0.21046578493387,0.78953421506613,0.013215859030837,64440.0,2.0,0.0,0.0,0.0,1.0
MA,01720,0.0270128964796096,154101.0,0.0956521739130434,0.9043478260869564,0.0573631107584174,75771.0,25.0,4.0,1.0,8.0,7.0
MA,02460,0.0333737864077669,154329.0,0.09904517600114,0.90095482399886,0.0563947633434038,84434.0,5.0,1.0,0.0,1.0,3.0
MA,01746,0.0303865546218487,154684.0,0.1719908727895037,0.8280091272104962,0.050229925716307,74139.0,5.0,0.0,0.0,0.0,3.0
MA,01543,0.015420200462606,155504.0,0.2600234859922832,0.7399765140077168,0.1006146878032999,52518.0,6.0,0.0,1.0,0.0,5.0
MA,01590,0.0420222534298368,155938.0,0.2622508616814026,0.7377491383185973,0.0580745341614906,66286.0,4.0,0.0,0.0,1.0,1.0
MA,02127,0.1046818927866025,156373.0,0.1955906350950811,0.8044093649049189,0.1251187482537021,92105.0,33.0,1.0,0.0,1.0,23.0
MA,02129,0.0839369839420495,157192.0,0.1868939936226979,0.813106006377302,0.1381403770369581,97454.0,15.0,1.0,0.0,3.0,8.0
MA,01730,0.0462211558817302,158286.0,0.159187932833697,0.840812067166303,0.0542476970317297,89522.0,34.0,1.0,6.0,8.0,16.0
MA,01568,0.0176945762277215,161429.0,0.1844211275120042,0.8155788724879958,0.0573314801945795,68545.0,1.0,0.0,0.0,0.0,0.0
MA,01887,0.0250888196850739,161473.0,0.2722493428464138,0.7277506571535862,0.061872697243044,60558.0,23.0,1.0,0.0,9.0,11.0
MA,01867,0.0358739073685875,163407.0,0.196867014776136,0.803132985223864,0.0269114425784917,71419.0,27.0,1.0,0.0,3.0,21.0
MA,01945,0.0297034588246903,164325.0,0.0912993118484704,0.9087006881515296,0.0450680272108843,94164.0,3.0,0.0,0.0,0.0,2.0
MA,01810,0.0329275593693873,167591.0,0.1202033453591341,0.8797966546408659,0.0550493260034641,83976.0,23.0,0.0,0.0,8.0,11.0
MA,02142,0.098613251155624,168788.0,0.0044816253361219,0.995518374663878,0.0202952029520295,114807.0,33.0,1.0,0.0,9.0,15.0
MA,02466,0.091041804910418,170852.0,0.1288238647159414,0.8711761352840586,0.1048139296688289,82983.0,6.0,1.0,0.0,4.0,0.0
MA,01940,0.0621940024479804,171044.0,0.1934659406600733,0.8065340593399266,0.0371995820271682,76804.0,17.0,1.0,0.0,1.0,14.0
MA,02534,0.0986301369863013,171169.0,0.1221294363256784,0.8778705636743215,0.091044142614601,91489.0,3.0,0.0,0.0,0.0,2.0
MA,01949,0.0374056280027453,171458.0,0.3828986286636192,0.6171013713363808,0.0582026537997587,67877.0,8.0,1.0,0.0,4.0,3.0
MA,02332,0.0483820295318881,171471.0,0.1325343985796715,0.8674656014203285,0.041638795986622,85402.0,5.0,1.0,0.0,0.0,4.0
MA,02494,0.0209473485563313,173750.0,0.1198455385464073,0.8801544614535927,0.0588380108321024,102290.0,7.0,1.0,0.0,1.0,4.0
MA,02467,0.0650745514278493,173854.0,0.0547513623978201,0.9452486376021798,0.0205112960760998,88431.0,25.0,1.0,1.0,4.0,15.0
MA,02053,0.0425482980680772,174357.0,0.1591748099891422,0.8408251900108578,0.0487644872075224,74339.0,4.0,1.0,0.0,1.0,0.0
MA,01532,0.0382383286045911,174358.0,0.1505356982083371,0.8494643017916629,0.0780402449693788,79529.0,12.0,0.0,0.0,1.0,8.0
MA,02465,0.0383200752715764,174518.0,0.1157306102601507,0.8842693897398493,0.0534124629080118,106385.0,4.0,0.0,0.0,0.0,4.0
MA,02339,0.0492761503432338,174821.0,0.210734101579172,0.789265898420828,0.0785073409461663,70366.0,5.0,1.0,0.0,2.0,0.0
MA,01951,0.0421853388658367,175779.0,0.1467345207803223,0.8532654792196777,0.0711610486891385,94530.0,0.0,0.0,0.0,0.0,0.0
MA,01983,0.050855365474339,176698.0,0.1361991913173015,0.8638008086826985,0.0761692650334075,71322.0,2.0,0.0,0.0,1.0,1.0
MA,02186,0.0626888774231591,177222.0,0.1717155177119153,0.8282844822880847,0.0586890243902439,72473.0,3.0,1.0,0.0,0.0,1.0
MA,02109,0.070762958648806,177500.0,0.0661788100540884,0.9338211899459116,0.0537270087124879,130019.0,41.0,2.0,0.0,7.0,25.0
MA,02478,0.0388567158602652,177790.0,0.1020526315789473,0.8979473684210526,0.0563080495356037,92557.0,26.0,0.0,0.0,2.0,10.0
MA,01775,0.0428912951764871,177862.0,0.1149873319041122,0.8850126680958877,0.0450384474551446,80817.0,13.0,0.0,1.0,1.0,3.0
MA,02210,0.0344827586206896,178833.0,0.0222183648672105,0.9777816351327896,0.0257779842080817,175892.0,60.0,0.0,0.0,7.0,44.0
MA,01922,0.0727415966386554,179896.0,0.2112926136363636,0.7887073863636364,0.063048683160415,70073.0,0.0,0.0,0.0,0.0,0.0
MA,02032,0.0687370600414078,180100.0,0.1748495407031992,0.8251504592968008,0.0421914357682619,65570.0,5.0,1.0,0.0,2.0,2.0
MA,01745,0.0675790364980466,180833.0,0.075,0.925,0.036,88776.0,0.0,0.0,0.0,0.0,0.0
MA,02043,0.032185158833131,181017.0,0.1274795799299883,0.8725204200700116,0.0317011927181418,104438.0,10.0,1.0,0.0,1.0,5.0
MA,02575,0.0365806700038505,181304.0,0.142641129032258,0.8573588709677419,0.0258215962441314,82134.0,0.0,0.0,0.0,0.0,0.0
MA,01886,0.0170038830983037,181523.0,0.1169308661322403,0.8830691338677596,0.0526435216700703,73464.0,24.0,1.0,0.0,9.0,12.0
MA,02061,0.0302539168017287,182637.0,0.1707249965607374,0.8292750034392626,0.0565468020861927,74251.0,8.0,1.0,0.0,1.0,6.0
MA,02067,0.0142546245919477,183724.0,0.1184616602041623,0.8815383397958376,0.0749922528664394,80677.0,6.0,1.0,0.0,1.0,2.0
MA,02025,0.0392133058152239,187060.0,0.1251487842203706,0.8748512157796293,0.0456738501125763,114646.0,11.0,0.0,0.0,3.0,7.0
MA,01984,0.0383246646591842,187652.0,0.100438421681945,0.899561578318055,0.0433460076045627,62015.0,0.0,0.0,0.0,0.0,0.0
MA,01985,0.0349199288256227,189048.0,0.1125847332743884,0.8874152667256116,0.0387409200968523,83726.0,0.0,0.0,0.0,0.0,0.0
MA,01450,0.0452779032986895,189355.0,0.1596825838786022,0.8403174161213978,0.0240502869636512,75886.0,10.0,0.0,1.0,3.0,3.0
MA,01921,0.0151809570075297,190526.0,0.139522910588639,0.8604770894113609,0.0248104755341144,90836.0,0.0,0.0,0.0,0.0,0.0
MA,01772,0.0342472734685557,196680.0,0.0945048309178744,0.9054951690821256,0.0355388616006934,96765.0,2.0,0.0,0.0,2.0,0.0
MA,01773,0.0687512138279277,197292.0,0.0397130412503202,0.9602869587496796,0.0592525068368277,131313.0,5.0,1.0,0.0,0.0,1.0
MA,02056,0.0194233687405159,197379.0,0.2451332920024798,0.7548667079975202,0.016661707825052,70548.0,2.0,0.0,0.0,1.0,1.0
MA,01944,0.0271073152617898,197875.0,0.0454545454545454,0.9545454545454546,0.005877034358047,100726.0,1.0,0.0,0.0,1.0,0.0
MA,01740,0.0237042278436228,198475.0,0.0829738645013955,0.9170261354986043,0.0467336683417085,83182.0,4.0,0.0,0.0,2.0,0.0
MA,01827,0.0098419325976737,202379.0,0.1631143975641583,0.8368856024358416,0.0405286343612334,70324.0,3.0,0.0,0.0,1.0,1.0
MA,01748,0.0427341284698079,204418.0,0.105843792469422,0.894156207530578,0.0426654605759083,98671.0,8.0,0.0,0.0,3.0,3.0
MA,02090,0.0502754820936639,205000.0,0.1389773365798838,0.8610226634201161,0.0320466132556445,86172.0,18.0,2.0,0.0,6.0,8.0
MA,01451,0.0434539350988437,206607.0,0.0820875237836368,0.9179124762163632,0.026563364692861,101675.0,3.0,0.0,0.0,1.0,1.0
MA,02461,0.0579957356076759,207292.0,0.0842350944196902,0.9157649055803098,0.0499213836477987,105534.0,9.0,2.0,0.0,1.0,5.0
MA,02071,0.0675790364980466,207878.0,0.1240601503759398,0.8759398496240601,0.091044142614601,61598.0,0.0,0.0,0.0,0.0,0.0
MA,02462,0.0772727272727272,210682.0,0.2241835834068843,0.7758164165931156,0.2110266159695817,94068.0,4.0,0.0,0.0,1.0,1.0
MA,01742,0.024754213483146,211435.0,0.132414130700824,0.867585869299176,0.0289129381360038,98713.0,30.0,2.0,0.0,5.0,11.0
MA,02108,0.1467331118493909,212664.0,0.1066282420749279,0.8933717579250721,0.0368525896414342,141237.0,49.0,1.0,1.0,13.0,24.0
MA,02421,0.052027027027027,212843.0,0.081031746031746,0.918968253968254,0.055580192165558,109161.0,18.0,0.0,1.0,5.0,9.0
MA,01103,0.4453369031682285,21458.0,0.4142538975501114,0.5857461024498887,0.5045161290322581,33500.0,14.0,0.0,0.0,2.0,10.0
MA,02052,0.0325806703648722,214801.0,0.0857379375591296,0.9142620624408704,0.0491335819258609,102662.0,8.0,1.0,0.0,0.0,4.0
MA,02459,0.0310840707964601,214941.0,0.0586841481715504,0.9413158518284496,0.0484942084942085,107837.0,22.0,0.0,0.0,3.0,16.0
MA,02637,0.0675790364980466,218165.0,0.2678062678062678,0.7321937321937322,0.091044142614601,99398.0,0.0,0.0,0.0,0.0,0.0
MA,01890,0.0334605485044821,218176.0,0.1167482859941234,0.8832517140058765,0.0301713434318351,104586.0,21.0,1.0,0.0,6.0,10.0
MA,01778,0.0395799099807101,219531.0,0.0800123890150733,0.9199876109849268,0.0515960650471792,102692.0,15.0,0.0,0.0,4.0,7.0
MA,02492,0.0308384972889233,222063.0,0.0848550724637681,0.915144927536232,0.039787436980515,99302.0,20.0,2.0,0.0,3.0,15.0
MA,01105,0.487319909006656,22994.0,0.6987735566856117,0.3012264433143882,0.6102941176470589,17301.0,4.0,0.0,0.0,1.0,2.0
MA,02420,0.0301849446403166,233068.0,0.0571715145436308,0.9428284854563692,0.0317659727207465,110672.0,16.0,0.0,0.0,4.0,8.0
MA,01776,0.0148377455166524,234634.0,0.0735972023525671,0.9264027976474328,0.0363521416152995,96780.0,21.0,1.0,0.0,5.0,11.0
MA,02482,0.0488288628636191,240069.0,0.0718884120171673,0.9281115879828328,0.0485319097306479,124076.0,24.0,2.0,0.0,5.0,14.0
MA,01770,0.0240690281562216,247500.0,0.0790200138026225,0.9209799861973776,0.0231481481481481,110567.0,1.0,0.0,0.0,1.0,0.0
MA,02030,0.0161702127659574,250001.0,0.0465481171548117,0.9534518828451884,0.0334728033472803,138720.0,2.0,0.0,0.0,1.0,1.0
MA,01741,0.03765932792584,250001.0,0.0297738333810478,0.9702261666189522,0.0173812282734646,107381.0,0.0,0.0,0.0,0.0,0.0
MA,02468,0.008871989860583,250001.0,0.0331075996990218,0.9668924003009782,0.0113468179575727,130948.0,1.0,0.0,0.0,0.0,0.0
MA,02481,0.0355148987690858,250001.0,0.0396564521259675,0.9603435478740324,0.0280072536772113,117974.0,16.0,0.0,0.0,2.0,14.0
MA,02493,0.0539808629716555,250001.0,0.0725651577503429,0.9274348422496572,0.0192525481313703,131707.0,2.0,0.0,0.0,1.0,1.0
MA,01965,0.0232258064516129,250001.0,0.0403337969401947,0.9596662030598052,0.091044142614601,103283.0,0.0,0.0,0.0,0.0,0.0
MA,01901,0.4288299155609167,27561.0,0.3801756587202007,0.6198243412797992,0.452895419187554,33836.0,14.0,2.0,0.0,2.0,10.0
MA,01107,0.409725604805975,31969.0,0.6624365482233503,0.3375634517766497,0.5021613832853026,20475.0,0.0,0.0,0.0,0.0,0.0
MA,01840,0.325065274151436,34630.0,0.6954251096720284,0.3045748903279716,0.5841163989087602,24230.0,5.0,0.0,0.0,0.0,4.0
MA,02121,0.244814254496554,38565.0,0.5545341050959028,0.4454658949040971,0.4797838463765319,27892.0,3.0,0.0,0.0,1.0,2.0
MA,02746,0.3249830320231998,41023.0,0.6861443530291698,0.3138556469708302,0.3682385575589459,25609.0,8.0,1.0,0.0,4.0,3.0
MA,02723,0.2460736052508204,41789.0,0.6437040242319342,0.3562959757680657,0.3509234828496042,29622.0,7.0,0.0,0.0,5.0,1.0
MA,02119,0.3089822160394029,43255.0,0.4660921088068946,0.5339078911931053,0.3959537572254335,32553.0,18.0,1.0,6.0,7.0,2.0
MA,01610,0.3341893208182059,43757.0,0.5888304599613925,0.4111695400386074,0.4245598876768549,20889.0,34.0,1.0,1.0,10.0,15.0
MA,01608,0.4391383865068075,45962.0,0.4824120603015075,0.5175879396984925,0.2710027100271002,29079.0,22.0,0.0,0.0,2.0,14.0
MA,01109,0.2474274196400155,46821.0,0.5588136353442476,0.4411863646557524,0.423968807715986,22204.0,5.0,0.0,0.0,0.0,2.0
MA,01104,0.2028442780081137,47530.0,0.6094961942732874,0.3905038057267125,0.4115784712799638,26124.0,5.0,2.0,0.0,3.0,0.0
MA,02724,0.2237743232960104,49809.0,0.60780971565817,0.39219028434183,0.369815391992328,28631.0,2.0,0.0,0.0,2.0,0.0
MA,02721,0.187111362351611,50666.0,0.6008276899924756,0.3991723100075244,0.3578136073706591,30645.0,36.0,6.0,0.0,19.0,10.0
MA,01108,0.2857858243451464,51851.0,0.5154864773874986,0.4845135226125014,0.3347232752084912,27143.0,1.0,0.0,0.0,0.0,1.0
MA,01040,0.260108613829444,51892.0,0.5114478114478115,0.4885521885521885,0.3893326462251997,31189.0,11.0,1.0,0.0,4.0,5.0
MA,02115,0.3392441339781479,53398.0,0.2193292888439501,0.7806707111560499,0.1940600060612183,39807.0,94.0,5.0,0.0,27.0,41.0
MA,01088,0.1144827586206896,53472.0,0.0905349794238683,0.9094650205761317,0.1046153846153846,36042.0,0.0,0.0,0.0,0.0,0.0
MA,01364,0.2036109646810754,54061.0,0.5364321608040201,0.4635678391959799,0.2429816069699903,28922.0,2.0,0.0,0.0,1.0,1.0
MA,01301,0.1540162980209546,54347.0,0.3499886441062911,0.6500113558937088,0.2734290194186467,34184.0,19.0,4.0,0.0,4.0,8.0
MA,01841,0.199741970268813,54525.0,0.6467857031566483,0.3532142968433517,0.496929285839621,24385.0,4.0,2.0,0.0,0.0,2.0
MA,02740,0.1878343267614244,54563.0,0.5683789192795197,0.4316210807204803,0.3449402634534871,30035.0,16.0,0.0,0.0,3.0,11.0
MA,01605,0.254490917057059,54805.0,0.4355074288592294,0.5644925711407706,0.3944135958270234,30686.0,27.0,0.0,0.0,11.0,13.0
MA,02744,0.1445259002658503,54841.0,0.5985984755347923,0.4014015244652077,0.3723993128459629,26724.0,11.0,2.0,0.0,2.0,5.0
MA,02542,0.0390738060781476,55000.0,0.2201646090534979,0.779835390946502,0.11328125,23740.0,1.0,0.0,0.0,0.0,1.0
MA,01256,0.1461038961038961,55000.0,0.5008635578583766,0.4991364421416235,0.1284153005464481,39204.0,0.0,0.0,0.0,0.0,0.0
MA,01247,0.1327557294577976,55544.0,0.4931226765799256,0.5068773234200743,0.2558381674847538,36775.0,16.0,0.0,0.0,1.0,13.0
MA,01220,0.1379267993122083,56285.0,0.4552572706935123,0.5447427293064877,0.183043371722617,37061.0,1.0,0.0,0.0,0.0,1.0
MA,01022,0.1921641791044776,56307.0,0.3550446998722861,0.644955300127714,0.1403180542563143,32966.0,0.0,0.0,0.0,0.0,0.0
MA,01151,0.1755813953488372,57113.0,0.5685058896466212,0.4314941103533788,0.3899057127010538,26701.0,2.0,1.0,0.0,0.0,1.0
MA,01376,0.0892857142857142,57857.0,0.4231562661165549,0.5768437338834451,0.25,35292.0,4.0,1.0,0.0,0.0,3.0
MA,01031,0.2003535651149086,58125.0,0.4490532010820559,0.5509467989179441,0.236728837876614,34862.0,0.0,0.0,0.0,0.0,0.0
MA,02558,0.1813186813186813,58594.0,0.5770958083832335,0.4229041916167664,0.0853932584269663,46713.0,1.0,0.0,0.0,0.0,1.0
MA,01119,0.1807629807320281,59172.0,0.5332753371030883,0.4667246628969117,0.2503351848304922,30312.0,5.0,2.0,0.0,3.0,0.0
MA,01550,0.1793559516963772,59397.0,0.5177566954915624,0.4822433045084375,0.3809261300992282,33664.0,9.0,2.0,0.0,2.0,5.0
MA,01244,0.050632911392405,59655.0,0.4136363636363636,0.5863636363636363,0.0625,37790.0,0.0,0.0,0.0,0.0,0.0
MA,01609,0.2151912219026313,61411.0,0.3143787385477398,0.6856212614522602,0.2624544349939247,37853.0,22.0,1.0,0.0,4.0,12.0
MA,01375,0.1884057971014492,61442.0,0.1567337461300309,0.843266253869969,0.069910514541387,40222.0,4.0,0.0,0.0,1.0,2.0
MA,02120,0.388099173553719,61472.0,0.3737700498719504,0.6262299501280496,0.287248028045574,29186.0,14.0,1.0,0.0,7.0,5.0
MA,02576,0.1112119836586473,61735.0,0.5727411944869831,0.4272588055130168,0.4049450549450549,38811.0,1.0,0.0,0.0,0.0,0.0
MA,02720,0.1631877920069913,62907.0,0.5029881328438487,0.4970118671561513,0.2687412587412587,36279.0,17.0,1.0,0.0,12.0,4.0
MA,02601,0.1186301530522488,62989.0,0.4659402882635552,0.5340597117364447,0.2158676759181385,39177.0,18.0,2.0,0.0,6.0,9.0
MA,01440,0.1475442433883476,63526.0,0.4639714479108978,0.5360285520891022,0.233787828400399,34495.0,17.0,1.0,0.0,4.0,11.0
MA,01603,0.1482831666584561,63646.0,0.4595921707699652,0.5404078292300348,0.3408336407229804,32659.0,13.0,3.0,0.0,4.0,5.0
MA,01013,0.1769664187514086,64039.0,0.4771212794313638,0.5228787205686362,0.3085139805215205,34418.0,5.0,0.0,0.0,2.0,2.0
MA,02639,0.1275695284159613,64051.0,0.2715913267181183,0.7284086732818816,0.1238095238095238,45882.0,2.0,0.0,0.0,0.0,2.0
MA,01350,0.1067961165048543,64375.0,0.4945054945054945,0.5054945054945055,0.109090909090909,59764.0,0.0,0.0,0.0,0.0,0.0
MA,02215,0.3136231451793304,65827.0,0.0964715915147638,0.903528408485236,0.0745869776482021,36202.0,109.0,1.0,0.0,21.0,64.0
MA,02650,0.0764044943820224,65982.0,0.1387283236994219,0.861271676300578,0.0489361702127659,103399.0,2.0,0.0,0.0,0.0,1.0
MA,01607,0.1826654240447343,66365.0,0.4688236217999058,0.5311763782000942,0.2527851458885942,38315.0,5.0,1.0,0.0,2.0,2.0
MA,01902,0.1579786510081468,66755.0,0.5894909199166418,0.4105090800833581,0.356567242281528,31825.0,4.0,0.0,1.0,1.0,2.0
MA,02126,0.1868061400344675,67206.0,0.4260573062750921,0.5739426937249079,0.3289325208756488,35695.0,8.0,0.0,7.0,0.0,1.0
MA,01850,0.187312267211342,67581.0,0.5529565868263473,0.4470434131736527,0.2521694742215416,26545.0,5.0,1.0,0.0,0.0,3.0
MA,01331,0.1022593896713615,68345.0,0.4988904579382691,0.5011095420617309,0.2564055299539171,32233.0,7.0,1.0,0.0,4.0,1.0
MA,01379,0.1553273427471116,68750.0,0.2521008403361344,0.7478991596638656,0.2147239263803681,41045.0,1.0,0.0,0.0,0.0,0.0
MA,01201,0.1368205635639912,68879.0,0.3665624262449846,0.6334375737550153,0.2273874944304173,44001.0,39.0,0.0,6.0,6.0,19.0
MA,01570,0.143039369165652,68934.0,0.4099173553719008,0.5900826446280992,0.1972415640064274,38779.0,4.0,1.0,0.0,2.0,1.0
MA,01002,0.221961332867063,69411.0,0.1135551064822011,0.8864448935177989,0.1095213587236232,43548.0,67.0,2.0,0.0,9.0,38.0
MA,01349,0.1531413612565445,69712.0,0.3474426807760141,0.6525573192239859,0.2569832402234637,34190.0,0.0,0.0,0.0,0.0,0.0
MA,01420,0.140720954615807,70334.0,0.4520478800115373,0.5479521199884626,0.2679383452430166,36718.0,4.0,0.0,0.0,1.0,3.0
MA,01854,0.1946751533028021,70397.0,0.468751780322452,0.531248219677548,0.303970701619121,33835.0,10.0,0.0,0.0,1.0,7.0
MA,01089,0.1054247339961625,70401.0,0.3849007515899017,0.6150992484100983,0.2311478012382918,41433.0,28.0,3.0,0.0,8.0,16.0
MA,01585,0.098076923076923,70753.0,0.3759053597295992,0.6240946402704007,0.105481345002303,41300.0,4.0,0.0,0.0,1.0,3.0
MA,01009,0.1516452074391988,70763.0,0.2920962199312715,0.7079037800687286,0.1553133514986376,35713.0,0.0,0.0,0.0,0.0,0.0
MA,02111,0.2779028200714947,70865.0,0.3435847208619001,0.6564152791380999,0.1928610957387936,73708.0,80.0,1.0,0.0,12.0,47.0
MA,01380,0.28,70893.0,0.3125,0.6875,0.091044142614601,52963.0,0.0,0.0,0.0,0.0,0.0
MA,01092,0.071583514099783,70938.0,0.4155299055613851,0.5844700944386149,0.0530821917808219,57072.0,0.0,0.0,0.0,0.0,0.0
MA,01020,0.1352960635130665,70971.0,0.4951191115887515,0.5048808884112485,0.2350861688024746,37714.0,10.0,0.0,1.0,7.0,1.0
MA,01082,0.1084648493543758,71023.0,0.4686495176848874,0.5313504823151125,0.2496234129545943,37542.0,3.0,0.0,0.0,2.0,1.0
MA,02125,0.2351611789447251,71810.0,0.3868880374627501,0.6131119625372499,0.2788720110473144,45158.0,21.0,1.0,0.0,6.0,11.0
MA,01506,0.0711588730758059,71875.0,0.4725563909774436,0.5274436090225564,0.0923285811269518,44865.0,0.0,0.0,0.0,0.0,0.0
MA,01001,0.0713642792850713,71924.0,0.3380913539967373,0.6619086460032626,0.1323939527374137,42423.0,6.0,1.0,0.0,3.0,2.0
MA,01225,0.0645260882988576,72028.0,0.3142857142857143,0.6857142857142857,0.1467283542630535,41797.0,1.0,0.0,0.0,1.0,0.0
MA,01070,0.153169014084507,72083.0,0.3163716814159292,0.6836283185840708,0.0850202429149797,45311.0,0.0,0.0,0.0,0.0,0.0
MA,02150,0.2140788765599774,72122.0,0.6168133308369219,0.3831866691630781,0.2578021002810235,31526.0,18.0,0.0,0.0,6.0,10.0
MA,01843,0.1520967856382601,72163.0,0.5557018265591575,0.4442981734408425,0.3500424008291717,35107.0,12.0,0.0,0.0,6.0,6.0
MA,01347,0.1370558375634517,72500.0,0.2736842105263158,0.7263157894736842,0.091044142614601,54767.0,0.0,0.0,0.0,0.0,0.0
MA,02642,0.0777428371767994,72683.0,0.2244897959183673,0.7755102040816326,0.0328671328671328,51930.0,7.0,0.0,0.0,2.0,5.0
MA,02301,0.1354630896174381,72727.0,0.5218275271273558,0.4781724728726442,0.3501461988304093,35370.0,25.0,4.0,0.0,13.0,6.0
MA,01339,0.0938395415472779,72841.0,0.3156028368794326,0.6843971631205674,0.1284552845528455,50266.0,1.0,0.0,0.0,0.0,0.0
MA,01604,0.1465773809523809,72911.0,0.4578497770819862,0.5421502229180138,0.2444709388971684,39996.0,61.0,1.0,0.0,19.0,36.0
MA,02745,0.1196674776966747,73154.0,0.5358241257546418,0.4641758742453582,0.2208661417322834,36353.0,3.0,1.0,0.0,1.0,0.0
MA,02543,0.0274656679151061,73611.0,0.0713359273670557,0.9286640726329444,0.047008547008547,89141.0,10.0,0.0,0.0,1.0,7.0
MA,01027,0.0872079836697663,73657.0,0.2980161973400698,0.7019838026599302,0.1333955223880597,45113.0,21.0,2.0,0.0,5.0,11.0
MA,02673,0.064363516338431,73846.0,0.3435036496350365,0.6564963503649635,0.1172178988326848,45153.0,7.0,0.0,0.0,2.0,4.0
MA,02163,0.3614718614718614,74028.0,0.008313539192399,0.9916864608076008,0.091044142614601,34889.0,0.0,0.0,0.0,0.0,0.0
MA,02646,0.1019771071800208,74276.0,0.1319763624425476,0.8680236375574524,0.0616509926854754,70539.0,11.0,0.0,0.0,3.0,5.0
MA,01238,0.0685121107266436,74469.0,0.3061868686868687,0.6938131313131313,0.0944300995942456,53252.0,7.0,0.0,0.0,3.0,3.0
MA,01344,0.0806153846153846,74550.0,0.4621993127147766,0.5378006872852233,0.1635036496350365,39145.0,1.0,0.0,0.0,1.0,0.0
MA,02780,0.1299636874780367,75054.0,0.4933448527228057,0.5066551472771943,0.2837863167760075,38044.0,11.0,0.0,0.0,4.0,6.0
MA,01060,0.1193735007760688,75077.0,0.1493454448303499,0.85065455516965,0.1841999732656062,50916.0,57.0,1.0,0.0,4.0,44.0
MA,02134,0.2137780513738877,75317.0,0.1275992438563327,0.8724007561436673,0.133663965162695,46466.0,109.0,4.0,2.0,10.0,77.0
MA,01012,0.0931818181818181,75526.0,0.3944636678200692,0.6055363321799307,0.0914634146341463,36078.0,0.0,0.0,0.0,0.0,0.0
MA,01515,0.0623809523809523,76382.0,0.4517114914425428,0.5482885085574573,0.1049723756906077,42386.0,1.0,0.0,0.0,0.0,1.0
MA,01235,0.0825538836925579,76699.0,0.4306981519507187,0.5693018480492813,0.1234798877455566,39720.0,1.0,0.0,0.0,0.0,1.0
MA,01370,0.1350986219940556,76715.0,0.2619377162629758,0.7380622837370242,0.1287302516091281,42281.0,8.0,0.0,0.0,1.0,3.0
MA,01074,0.4769452449567723,76859.0,0.7334669338677354,0.2665330661322645,0.5670995670995671,31189.0,0.0,0.0,0.0,0.0,0.0
MA,01852,0.1415518773605865,77058.0,0.4281291121603839,0.571870887839616,0.2221621986629752,39409.0,23.0,1.0,0.0,4.0,15.0
MA,02713,0.09375,78750.0,0.238095238095238,0.7619047619047619,0.091044142614601,95352.0,0.0,0.0,0.0,0.0,0.0
MA,01702,0.1468918882220351,78784.0,0.4368518805138523,0.5631481194861476,0.1813842482100238,43618.0,15.0,2.0,0.0,2.0,10.0
MA,02664,0.0844213321531312,78796.0,0.3410526315789474,0.6589473684210526,0.1219030914273185,54898.0,6.0,1.0,1.0,2.0,1.0
MA,02330,0.074357431445027,78955.0,0.4328323430036118,0.5671676569963882,0.1024936601859678,47112.0,1.0,0.0,0.0,1.0,0.0
MA,01056,0.0973692018593611,78981.0,0.4455877564311299,0.5544122435688701,0.1574923547400611,42015.0,6.0,1.0,0.0,2.0,2.0
MA,01562,0.0600836820083682,79086.0,0.4730519122671663,0.5269480877328336,0.1059396299902629,43794.0,7.0,2.0,0.0,1.0,4.0
MA,02124,0.1764426328392037,79168.0,0.4192146515598324,0.5807853484401676,0.329864411867714,39879.0,5.0,0.0,0.0,2.0,2.0
MA,01337,0.0636658556366585,79274.0,0.3931965982991496,0.6068034017008505,0.1317254174397031,42014.0,0.0,0.0,0.0,0.0,0.0
MA,01032,0.0991735537190082,79583.0,0.1970443349753694,0.8029556650246306,0.1052631578947368,43521.0,0.0,0.0,0.0,0.0,0.0
MA,02149,0.1438670981305521,79658.0,0.5509748819422313,0.4490251180577686,0.2033368091762252,35941.0,37.0,2.0,0.0,8.0,25.0
MA,01069,0.075705273181764,79725.0,0.4691804647279811,0.530819535272019,0.2487611496531219,44786.0,1.0,0.0,0.0,1.0,0.0
MA,01830,0.1442102860620815,79784.0,0.4223058317656544,0.5776941682343456,0.242743312464428,41855.0,25.0,2.0,1.0,5.0,14.0
MA,01257,0.1286995515695067,80227.0,0.2905331882480957,0.7094668117519043,0.0612052730696798,64916.0,2.0,0.0,0.0,0.0,1.0
MA,01355,0.1070366699702675,80327.0,0.255570117955439,0.744429882044561,0.037593984962406,40920.0,0.0,0.0,0.0,0.0,0.0
MA,01118,0.1492277863207862,80906.0,0.3981033665244191,0.6018966334755809,0.180639431616341,36847.0,3.0,1.0,0.0,1.0,1.0
MA,02151,0.1226165298339689,80948.0,0.5315632867933165,0.4684367132066834,0.1919825343738387,38785.0,31.0,2.0,0.0,9.0,15.0
MA,01535,0.0828065739570164,81010.0,0.494279176201373,0.505720823798627,0.1033210332103321,45296.0,1.0,1.0,0.0,0.0,0.0
MA,01832,0.106889663546277,81141.0,0.4290996085254458,0.5709003914745542,0.2590723850184359,40105.0,9.0,1.0,0.0,1.0,6.0
MA,01226,0.0787956438180653,81168.0,0.3508072971272803,0.6491927028727197,0.1741434122218297,48348.0,7.0,0.0,0.0,1.0,4.0
MA,01330,0.1175,81691.0,0.2393796358732299,0.76062036412677,0.0611510791366906,48898.0,0.0,0.0,0.0,0.0,0.0
MA,01453,0.0894812214163625,82098.0,0.4042505947660587,0.5957494052339413,0.1760524575710822,45076.0,15.0,3.0,0.0,4.0,6.0
MA,01340,0.0717321997874601,82578.0,0.3952654232424677,0.6047345767575323,0.1356350184956843,45338.0,0.0,0.0,0.0,0.0,0.0
MA,01223,0.0842762387826765,82773.0,0.3114203454894433,0.6885796545105566,0.1273938384679434,52353.0,0.0,0.0,0.0,0.0,0.0
MA,01230,0.0781778637022716,82871.0,0.2960868236013451,0.7039131763986548,0.0695509309967141,57712.0,20.0,4.0,0.0,1.0,10.0
MA,02122,0.1480829100442405,82945.0,0.4384945986758043,0.5615054013241956,0.2340866906867562,45583.0,13.0,0.0,0.0,5.0,6.0
MA,01085,0.0870992562195434,83821.0,0.3597526300824566,0.6402473699175434,0.1961360510191321,40828.0,35.0,4.0,0.0,6.0,19.0
MA,01037,0.0163043478260869,84022.0,0.3583535108958838,0.6416464891041163,0.091044142614601,53470.0,1.0,0.0,0.0,0.0,0.0
MA,01343,0.0933333333333333,84271.0,0.5100671140939598,0.4899328859060403,0.0864197530864197,42482.0,0.0,0.0,0.0,0.0,0.0
MA,01905,0.1339897420538355,84341.0,0.5216433092224232,0.4783566907775768,0.2958586416344561,34371.0,15.0,3.0,0.0,1.0,11.0
MA,01237,0.0354957160342717,84419.0,0.3325608342989571,0.6674391657010429,0.0473790322580645,43988.0,2.0,0.0,0.0,0.0,2.0
MA,01222,0.0690208667736757,84583.0,0.4298056155507559,0.5701943844492441,0.1594827586206896,39942.0,0.0,0.0,0.0,0.0,0.0
MA,01571,0.0731461086637298,85179.0,0.379991986109256,0.620008013890744,0.1605170387779083,37153.0,1.0,0.0,0.0,1.0,0.0
MA,01970,0.1375214587296432,85189.0,0.2880628796893593,0.7119371203106407,0.1941245116444264,49759.0,75.0,2.0,2.0,2.0,53.0
MA,01264,0.144927536231884,85313.0,0.1273885350318471,0.8726114649681529,0.1411764705882353,62546.0,0.0,0.0,0.0,0.0,0.0
MA,01255,0.0638540478905359,85417.0,0.4132730015082956,0.5867269984917044,0.0507462686567164,44330.0,0.0,0.0,0.0,0.0,0.0
MA,01475,0.1010470169893322,85638.0,0.387713588283157,0.612286411716843,0.1822751322751322,39454.0,12.0,0.0,0.0,5.0,5.0
MA,02350,0.0849056603773584,86023.0,0.4,0.6,0.091044142614601,40926.0,0.0,0.0,0.0,0.0,0.0
MA,01521,0.0889748549323017,86806.0,0.3593356819325616,0.6406643180674384,0.0859106529209622,49709.0,0.0,0.0,0.0,0.0,0.0
MA,01011,0.0918057663125948,87012.0,0.4817767653758542,0.5182232346241458,0.100896860986547,37729.0,1.0,0.0,0.0,0.0,0.0
MA,01080,0.0456245325355273,87188.0,0.515233949945593,0.484766050054407,0.1429990069513406,45701.0,0.0,0.0,0.0,0.0,0.0
MA,02571,0.0413726437892701,87302.0,0.3829182304105538,0.6170817695894462,0.184111221449851,52042.0,4.0,1.0,0.0,1.0,2.0
MA,01081,0.0451843043995243,87337.0,0.4457050243111831,0.5542949756888168,0.1548672566371681,44337.0,1.0,0.0,0.0,0.0,1.0
MA,02659,0.0545851528384279,87368.0,0.119047619047619,0.8809523809523809,0.0346715328467153,67395.0,0.0,0.0,0.0,0.0,0.0
MA,02302,0.1157494178451752,87560.0,0.5243748215232734,0.4756251784767266,0.2792617775619233,35814.0,7.0,0.0,0.0,3.0,4.0
MA,01062,0.1041780298898222,87800.0,0.2247520603436234,0.7752479396563766,0.1411290322580645,55855.0,9.0,1.0,0.0,0.0,5.0
MA,01930,0.1084988515065531,87898.0,0.3432640794459689,0.6567359205540311,0.1266312594840667,53072.0,36.0,2.0,0.0,5.0,23.0
MA,01851,0.160126820693119,87962.0,0.496005027381273,0.5039949726187269,0.2937019697906545,39517.0,12.0,1.0,0.0,1.0,7.0
MA,02135,0.1915259680675353,88208.0,0.1797139063254466,0.8202860936745534,0.1406605922551252,53089.0,72.0,2.0,1.0,12.0,36.0
MA,02540,0.1393540669856459,88266.0,0.1777142857142857,0.8222857142857143,0.1137855579868709,67890.0,18.0,1.0,0.0,3.0,13.0
MA,01436,0.0587739032620922,88421.0,0.4585045193097781,0.5414954806902219,0.1328125,33351.0,2.0,0.0,0.0,1.0,1.0
MA,01053,0.1104868913857678,88646.0,0.2819436112777445,0.7180563887222555,0.0619469026548672,45341.0,0.0,0.0,0.0,0.0,0.0
MA,02559,0.0153125,88698.0,0.2222685571309424,0.7777314428690576,0.1149584487534626,64091.0,4.0,1.0,0.0,2.0,1.0
MA,01588,0.0877328443200463,88735.0,0.3371850201865515,0.6628149798134484,0.1349425287356321,47571.0,5.0,1.0,0.0,0.0,2.0
MA,01243,0.0518518518518518,89063.0,0.3522727272727273,0.6477272727272727,0.0697674418604651,57977.0,0.0,0.0,0.0,0.0,0.0
MA,01367,0.1294820717131474,89375.0,0.3825665859564164,0.6174334140435835,0.1474654377880184,38386.0,0.0,0.0,0.0,0.0,0.0
MA,02532,0.0721891637958033,89411.0,0.2565631310702952,0.7434368689297047,0.1231367465975372,55792.0,22.0,1.0,1.0,8.0,10.0
MA,02539,0.0568248388986526,89710.0,0.2928694793979768,0.7071305206020232,0.1002400960384153,83786.0,15.0,1.0,0.0,2.0,8.0
MA,02670,0.0835820895522388,89875.0,0.1288515406162464,0.8711484593837535,0.0878661087866108,93841.0,2.0,0.0,0.0,1.0,0.0
MA,02645,0.0438661710037174,89898.0,0.2813683848008265,0.7186316151991735,0.0459532187952804,53249.0,11.0,2.0,0.0,4.0,5.0
MA,01354,0.0917957544463568,90000.0,0.3050605844618674,0.6949394155381325,0.1382978723404255,44305.0,0.0,0.0,0.0,0.0,0.0
MA,02118,0.2621900149302647,90142.0,0.2890518262136806,0.7109481737863194,0.2303842086711315,86276.0,39.0,3.0,2.0,3.0,21.0
MA,01057,0.1053729146221786,90436.0,0.4398526349511453,0.5601473650488548,0.1324426372349695,46484.0,1.0,0.0,0.0,0.0,0.0
MA,01008,0.0325998370008149,90625.0,0.4867424242424242,0.5132575757575758,0.0991452991452991,45348.0,3.0,0.0,0.0,2.0,1.0
MA,02743,0.0649722912287406,90683.0,0.4925965097831835,0.5074034902168165,0.085028179367802,47696.0,1.0,0.0,0.0,0.0,1.0
MA,01236,0.0295226130653266,91172.0,0.2005141388174807,0.7994858611825193,0.0646153846153846,61073.0,0.0,0.0,0.0,0.0,0.0
MA,02660,0.0784584676800245,91449.0,0.2932276657060518,0.7067723342939481,0.1228813559322034,50563.0,8.0,1.0,0.0,2.0,4.0
MA,01084,0.0967741935483871,91667.0,0.3522727272727273,0.6477272727272727,0.14,65396.0,0.0,0.0,0.0,0.0,0.0
MA,02189,0.0760525124490719,91842.0,0.2850854023595703,0.7149145976404296,0.1383060192985143,51511.0,12.0,0.0,1.0,7.0,4.0
MA,02346,0.0748028192649773,91914.0,0.4060694452235373,0.5939305547764626,0.1338301347488771,48381.0,2.0,0.0,0.0,2.0,0.0
MA,02128,0.1424042213550904,92079.0,0.4700584516282953,0.5299415483717046,0.1750950678245076,49564.0,132.0,1.0,0.0,46.0,68.0
MA,02169,0.1156428913197709,92080.0,0.2939537653388911,0.7060462346611088,0.1652019250889307,52459.0,51.0,4.0,2.0,14.0,28.0
MA,01128,0.0705190989226248,92125.0,0.343351548269581,0.656648451730419,0.1342882721575649,41121.0,0.0,0.0,0.0,0.0,0.0
MA,01030,0.0573534123678308,92485.0,0.3619645413500715,0.6380354586499284,0.1315525205864631,48298.0,3.0,0.0,0.0,0.0,3.0
MA,02719,0.072379584910586,92500.0,0.3904076350695568,0.6095923649304432,0.1084722222222222,57317.0,8.0,1.0,0.0,2.0,4.0
MA,01129,0.1184107617706866,92500.0,0.3336227479921858,0.6663772520078142,0.2029434546862897,44785.0,1.0,1.0,0.0,0.0,0.0
MA,01606,0.1035181764944366,92537.0,0.3368697030668862,0.6631302969331139,0.1564740143369175,45085.0,9.0,1.0,0.0,6.0,2.0
MA,01083,0.1209137455691217,92558.0,0.4226190476190476,0.5773809523809523,0.3420577617328519,39722.0,0.0,0.0,0.0,0.0,0.0
MA,01757,0.0927255801582552,92951.0,0.4229796237523573,0.5770203762476427,0.0675723049956178,45198.0,23.0,3.0,0.0,7.0,12.0
MA,01098,0.0285714285714285,93000.0,0.3278301886792453,0.6721698113207547,0.1028225806451613,53842.0,0.0,0.0,0.0,0.0,0.0
MA,01524,0.0475534114403859,93191.0,0.3646868500115554,0.6353131499884447,0.0686406460296096,40748.0,0.0,0.0,0.0,0.0,0.0
MA,01966,0.0503108283938123,93227.0,0.1705426356589147,0.8294573643410853,0.079987741342323,61065.0,7.0,0.0,0.0,0.0,4.0
MA,01341,0.032258064516129,93250.0,0.1701795472287275,0.8298204527712725,0.0371428571428571,53747.0,0.0,0.0,0.0,0.0,0.0
MA,02703,0.0917803733216897,93352.0,0.4150113769140889,0.584988623085911,0.1637867957449203,42233.0,29.0,1.0,0.0,12.0,11.0
MA,02631,0.0693059333131862,93427.0,0.2173500829580469,0.7826499170419531,0.0930084745762711,70682.0,3.0,1.0,0.0,1.0,0.0
MA,02568,0.0720988240883715,93615.0,0.3397306918433679,0.6602693081566321,0.1260096930533118,59312.0,21.0,0.0,0.0,3.0,10.0
MA,01075,0.0818462364148664,93646.0,0.2688976708988481,0.7311023291011519,0.0913607507590394,54140.0,9.0,1.0,0.0,2.0,5.0
MA,01510,0.0602850791159932,93849.0,0.3478967322621412,0.6521032677378589,0.110010505778178,45652.0,12.0,2.0,0.0,2.0,5.0
MA,02633,0.0854000431313349,94036.0,0.172958500669344,0.827041499330656,0.1029870708872046,88020.0,29.0,2.0,0.0,1.0,22.0
MA,01537,0.0403100775193798,94261.0,0.3126110124333925,0.6873889875666075,0.1183673469387755,39718.0,2.0,0.0,0.0,1.0,1.0
MA,01602,0.1326426143576723,94351.0,0.3064938084995058,0.6935061915004942,0.182475884244373,45170.0,26.0,1.0,0.0,4.0,12.0
MA,01378,0.0665844636251541,95000.0,0.3493635077793494,0.6506364922206507,0.1243386243386243,46555.0,0.0,0.0,0.0,0.0,0.0
MA,01752,0.0881310353257548,95047.0,0.3747440971748328,0.6252559028251672,0.143792419965163,46876.0,28.0,2.0,0.0,9.0,12.0
MA,01960,0.0699415905346712,95173.0,0.3917191941663577,0.6082808058336423,0.1197489352163192,51337.0,16.0,0.0,0.0,6.0,5.0
MA,02557,0.1325556733828208,95287.0,0.268041237113402,0.7319587628865979,0.091044142614601,59442.0,20.0,1.0,0.0,2.0,15.0
MA,02536,0.0709934283110279,95295.0,0.2641095890410959,0.7358904109589041,0.1176141450313339,58319.0,8.0,1.0,0.0,5.0,2.0
MA,02148,0.1351752867841882,95298.0,0.3615264635541229,0.6384735364458771,0.1736008206998746,47303.0,85.0,5.0,1.0,17.0,49.0
MA,02762,0.0689830853882209,95625.0,0.2919020715630885,0.7080979284369114,0.0980952380952381,51109.0,5.0,1.0,0.0,2.0,1.0
MA,02649,0.0512683933684,95852.0,0.2597467097094611,0.7402532902905389,0.0912009338975631,61411.0,34.0,3.0,0.0,9.0,17.0
MA,01068,0.0525316455696202,96207.0,0.314708299096138,0.6852917009038619,0.1328125,47978.0,0.0,0.0,0.0,0.0,0.0
MA,01050,0.1191268960414354,96328.0,0.3767123287671233,0.6232876712328768,0.0902845927379784,42932.0,5.0,1.0,0.0,0.0,3.0
MA,02136,0.1099307984985061,96862.0,0.3909315560880635,0.6090684439119365,0.2137067059690493,43272.0,3.0,0.0,0.0,0.0,3.0
MA,02062,0.0756482050950053,97110.0,0.2656534164718108,0.7343465835281892,0.1019625535754568,59668.0,45.0,4.0,0.0,6.0,28.0
MA,01005,0.0888888888888888,97390.0,0.4224471568919321,0.5775528431080679,0.1404028436018957,39385.0,1.0,0.0,0.0,0.0,1.0
MA,02747,0.0602840909090909,97665.0,0.4391499374954041,0.5608500625045959,0.1278907773753134,41603.0,21.0,2.0,0.0,5.0,10.0
MA,01026,0.0680335507921714,98438.0,0.2125,0.7875,0.0880361173814898,44751.0,0.0,0.0,0.0,0.0,0.0
MA,01267,0.1065088757396449,98750.0,0.1985575839531214,0.8014424160468785,0.0745227606461086,47760.0,15.0,0.0,1.0,2.0,9.0
MA,02653,0.103530534351145,98798.0,0.148964468934068,0.851035531065932,0.0752831445702864,68128.0,13.0,2.0,1.0,2.0,3.0
MA,01266,0.1029411764705882,98828.0,0.1675461741424802,0.8324538258575198,0.0462555066079295,93939.0,3.0,0.0,0.0,0.0,1.0
MA,01560,0.0438559322033898,98884.0,0.3323831242873432,0.6676168757126568,0.059846547314578,53899.0,1.0,0.0,0.0,0.0,1.0
MA,01504,0.0485542825968357,98986.0,0.3801203934811334,0.6198796065188665,0.0811287477954144,50874.0,2.0,0.0,0.0,0.0,2.0
MA,02190,0.056032852434214,99024.0,0.2317176271664083,0.7682823728335917,0.0693960859647016,56304.0,2.0,1.0,0.0,0.0,1.0
MA,01007,0.0825520833333333,99056.0,0.2504894109272112,0.7495105890727888,0.1037486389796235,46109.0,13.0,0.0,0.0,4.0,7.0
MA,01029,0.0265654648956356,99188.0,0.4326375711574952,0.5673624288425048,0.0885245901639344,67302.0,0.0,0.0,0.0,0.0,0.0
MA,01531,0.1300813008130081,99375.0,0.3412921348314606,0.6587078651685393,0.0473684210526315,46536.0,0.0,0.0,0.0,0.0,0.0
MA,01351,0.0740605618387449,99375.0,0.3198620009857072,0.6801379990142927,0.1653306613226453,38954.0,1.0,0.0,0.0,0.0,1.0
MA,01240,0.0739291150250054,99745.0,0.2950904392764857,0.7049095607235142,0.0476190476190476,62047.0,9.0,0.0,0.0,0.0,7.0
