state,zip,poverty_rate,median_income_household,percent_lower_education,percent_higher_education,percent_snap_participation,per_capita_income
MA,02663,0.06757903649804664,107024.5,0.06504065040650407,0.9349593495934959,0.09104414261460102,104119.0
MA,02652,0.08333333333333333,107024.5,0.49134199134199136,0.5086580086580087,0.06386292834890965,91153.0
MA,01066,0.6194029850746269,107024.5,0.6296296296296297,0.37037037037037035,0.43333333333333335,16546.0
MA,02647,0.06757903649804664,107024.5,0.12849162011173185,0.8715083798882681,0.09104414261460102,82214.0
MA,02641,0.06757903649804664,107024.5,0.12295081967213115,0.8770491803278688,0.09104414261460102,73811.0
MA,02457,0.06757903649804664,107024.5,0.36363636363636365,0.6363636363636364,0.09104414261460102,5553.0
MA,02325,0.7073170731707317,107024.5,0.2,0.8,0.09104414261460102,7596.0
MA,01079,0.234375,107024.5,0.5957446808510638,0.40425531914893614,0.30434782608695654,29950.0
MA,01224,0.06757903649804664,107024.5,0.4701492537313433,0.5298507462686567,0.09104414261460102,65533.0
MA,02564,0.5621301775147929,107024.5,0.09615384615384616,0.9038461538461539,0.09104414261460102,41531.0
MA,02366,0.06757903649804664,107024.5,0.7755102040816326,0.22448979591836735,0.09104414261460102,11232.0
MA,01093,0.06757903649804664,107024.5,0.40425531914893614,0.5957446808510638,0.09104414261460102,73452.0
MA,01229,0.216,107024.5,0.5771428571428572,0.4228571428571429,0.09104414261460102,56496.0
MA,01338,0.06757903649804664,107024.5,0.704225352112676,0.29577464788732394,0.09104414261460102,45881.0
MA,01438,0.01038961038961039,107024.5,0.2679738562091503,0.7320261437908496,0.18487394957983194,47037.0
MA,01003,0.06521739130434782,107024.5,0.037037037037037035,0.9629629629629629,0.09104414261460102,5383.0
MA,01937,0.6477272727272727,107024.5,0.8356164383561644,0.1643835616438356,0.09104414261460102,3956.0
MA,01583,0.07982561635598316,100427.0,0.30830239622004724,0.6916976037799527,0.08819492107069321,53911.0
MA,01904,0.08182226884459763,100597.0,0.4140997830802603,0.5859002169197397,0.11818441335997716,44543.0
MA,01913,0.08174210278170674,100599.0,0.2696955790117791,0.7303044209882209,0.12047713717693836,56297.0
MA,02790,0.07111084029004935,100617.0,0.4336304313226166,0.5663695686773834,0.09443207126948774,51340.0
MA,01906,0.0876595744680851,100819.0,0.43068734089331173,0.5693126591066883,0.11559667320811139,46929.0
MA,01342,0.1697065820777161,100917.0,0.3244575936883629,0.6755424063116371,0.1297539149888143,43523.0
MA,02655,0.05085730892182505,100927.0,0.13868092691622103,0.861319073083779,0.04753199268738574,90850.0
MA,01028,0.035646806902632576,100997.0,0.26274439782162307,0.7372556021783769,0.0764896704797678,50004.0
MA,01473,0.034363411619283066,101161.0,0.3316533896927329,0.6683466103072672,0.06870229007633588,52457.0
MA,01731,0.06757903649804664,101194.0,0.06629834254143646,0.9337016574585635,0.012121212121212121,34297.0
MA,02370,0.0727345446234716,101475.0,0.3695462131447191,0.630453786855281,0.1407985589912939,48224.0
MA,01010,0.06075400054244643,101477.0,0.3276734104046243,0.6723265895953757,0.08586883029073698,54340.0
MA,02170,0.08415714797930646,101840.0,0.33607038123167154,0.6639296187683285,0.1491768254367224,49697.0
MA,01368,0.11202749140893471,101875.0,0.4624881291547958,0.5375118708452041,0.12844036697247707,39802.0
MA,02671,0.029333333333333333,101917.0,0.13695395513577333,0.8630460448642266,0.019148936170212766,81647.0
MA,01501,0.03680096211665664,101929.0,0.32008740692780835,0.6799125930721917,0.14130753444737615,50080.0
MA,02188,0.0580995235574378,102236.0,0.3506363027461487,0.6493636972538513,0.12813411078717202,56183.0
MA,01452,0.0754014428671166,102344.0,0.34121840570317563,0.6587815942968244,0.09325153374233129,44441.0
MA,01915,0.10696886804741436,102347.0,0.24839687125643012,0.7516031287435698,0.13471752776436505,55760.0
MA,01360,0.07150368033648791,102470.0,0.3300404131118096,0.6699595868881904,0.08261211644374508,50897.0
MA,01952,0.055325185508511565,102521.0,0.3127740840288584,0.6872259159711416,0.10061957868649318,53254.0
MA,01373,0.034236804564907276,102578.0,0.23342175066312998,0.76657824933687,0.07214254671881791,60727.0
MA,01072,0.043170559094125975,103188.0,0.18063958513396716,0.8193604148660328,0.10413223140495868,49614.0
MA,01844,0.08930685506969639,103292.0,0.41077405017537283,0.5892259498246272,0.19456411892984415,44672.0
MA,02368,0.09317581492554643,103321.0,0.3730801121332965,0.6269198878667035,0.2475708981752113,47844.0
MA,01034,0.0634765625,103603.0,0.33191230207064554,0.6680876979293544,0.028506271379703536,55380.0
MA,02072,0.06995025913944833,104164.0,0.34375294228415404,0.656247057715846,0.11951017401712549,49598.0
MA,02657,0.1292119186856029,104500.0,0.18935978358881875,0.8106402164111812,0.14355948869223206,89803.0
MA,02791,0.06757903649804664,104712.0,0.03806228373702422,0.9619377162629758,0.09104414261460102,82970.0
MA,01270,0.043043043043043044,104961.0,0.27019867549668874,0.7298013245033113,0.07518796992481203,56308.0
MA,02171,0.11630153001575763,104992.0,0.3095252908604492,0.6904747091395508,0.12085441259134345,59649.0
MA,02644,0.04460966542750929,105000.0,0.26238019169329074,0.7376198083067093,0.109375,52576.0
MA,01432,0.07141965289049819,105142.0,0.29532417868937944,0.7046758213106206,0.10427350427350428,56876.0
MA,02748,0.05436033643204958,105455.0,0.3538928210313448,0.6461071789686552,0.15554182117840956,63784.0
MA,01096,0.043824701195219126,105729.0,0.2372022301064369,0.7627977698935631,0.05415499533146592,53903.0
MA,01536,0.08183825558929064,105795.0,0.2699539524174981,0.7300460475825019,0.1400198609731877,52781.0
MA,02152,0.08187565858798736,106357.0,0.3139188422247446,0.6860811577752554,0.12806264208133367,59226.0
MA,02338,0.02769151138716356,106851.0,0.33962620351142153,0.6603737964885784,0.11736930860033727,48218.0
MA,02343,0.07407407407407407,107198.0,0.35385918219211226,0.6461408178078877,0.11785462244177841,47224.0
MA,01749,0.05509835407466881,107202.0,0.29244895162395507,0.707551048376045,0.07275214525556523,55095.0
MA,01071,0.03812549642573471,107292.0,0.4678111587982833,0.5321888412017167,0.0708955223880597,54988.0
MA,02718,0.11321279554937413,107570.0,0.4022027330205996,0.5977972669794004,0.07042817126850741,39920.0
MA,01366,0.06491228070175438,107656.0,0.284789644012945,0.7152103559870551,0.07775377969762419,47450.0
MA,01542,0.018195050946142648,107674.0,0.35,0.65,0.0994263862332696,49239.0
MA,01801,0.0653955634079309,107754.0,0.31638589058139144,0.6836141094186086,0.11320293398533007,56975.0
MA,02382,0.06399576887478514,107794.0,0.3702405758666414,0.6297594241333586,0.08463677441779631,46233.0
MA,02668,0.01322860686233981,108042.0,0.14255205552589428,0.8574479444741057,0.0690978886756238,48583.0
MA,01253,0.0225,108068.0,0.2655086848635236,0.7344913151364765,0.05459057071960298,61152.0
MA,01835,0.03539213661089306,108275.0,0.289904570567554,0.710095429432446,0.11463683052090975,48728.0
MA,02035,0.0524200119506763,108559.0,0.206023433199654,0.793976566800346,0.10112986469521551,62746.0
MA,01077,0.04207330297115593,108833.0,0.37746806039488967,0.6225319396051103,0.07454068241469816,50685.0
MA,01094,0.06757903649804664,109000.0,0.3695652173913043,0.6304347826086957,0.3125,29645.0
MA,02131,0.09980123108489357,109237.0,0.30649813369528334,0.6935018663047167,0.19278656920234558,58481.0
MA,02760,0.053838725253500724,109350.0,0.29487119107050347,0.7051288089294966,0.09100677797983138,55975.0
MA,01434,0.09647058823529411,109651.0,0.4877384196185286,0.5122615803814714,0.04573170731707317,30963.0
MA,01462,0.0718001193826213,109884.0,0.31862919482983515,0.6813708051701648,0.08880564125165272,50853.0
MA,02763,0.033728919425359154,109970.0,0.20692567567567569,0.7930743243243243,0.015852047556142668,59115.0
MA,01033,0.05004115226337449,110188.0,0.33589370977787003,0.66410629022213,0.03741630563213864,60649.0
MA,02113,0.11049641148325359,110321.0,0.1080582325199918,0.8919417674800082,0.0458128078817734,86182.0
MA,02726,0.03984469479982178,110427.0,0.372411517201551,0.6275884827984489,0.08606431852986217,50108.0
MA,01431,0.028553498588013804,110536.0,0.325219473264166,0.674780526735834,0.028481012658227847,55297.0
MA,01036,0.023464599061416038,110703.0,0.23113802674741357,0.7688619732525864,0.04681933842239186,50922.0
MA,02538,0.04962171784601691,110882.0,0.38191395961369623,0.6180860403863038,0.132830626450116,43860.0
MA,01468,0.04539785482664006,110938.0,0.30910852713178294,0.6908914728682171,0.144777031154551,48621.0
MA,01908,0.04591061112800243,111004.0,0.22528482175670708,0.774715178243293,0.048628428927680795,91157.0
MA,01346,0.08478802992518704,111150.0,0.32,0.68,0.1724137931034483,61134.0
MA,01518,0.09189366590088612,111193.0,0.2911392405063291,0.7088607594936709,0.24057738572574178,58296.0
MA,02666,0.06497622820919176,111344.0,0.15615141955835962,0.8438485804416404,0.17274939172749393,67068.0
MA,01826,0.06712452220392182,111451.0,0.4020569137577897,0.5979430862422103,0.1372952506379126,47708.0
MA,02675,0.061934585942936674,111555.0,0.17179846046186145,0.8282015395381386,0.06844224218024156,63929.0
MA,02360,0.05809695032627513,111975.0,0.2796520933367029,0.7203479066632971,0.07849895437998605,57099.0
MA,01038,0.06527947776417789,112083.0,0.19689673622257892,0.803103263777421,0.05367231638418079,57308.0
MA,02324,0.04189021873710277,112445.0,0.383494376683035,0.616505623316965,0.09097712208680778,50770.0
MA,02341,0.023121941859349515,112457.0,0.3692641868042357,0.6307358131957643,0.0829342072094782,57742.0
MA,02180,0.04710461861441567,112635.0,0.27672009721659624,0.7232799027834037,0.07289915966386555,60479.0
MA,02452,0.11266580394694274,112902.0,0.2666104197426703,0.7333895802573297,0.09882869692532943,50931.0
MA,01469,0.06930415263748597,113162.0,0.3023789649415693,0.6976210350584308,0.07446408424219632,48392.0
MA,01254,0.05202913631633715,113304.0,0.2011904761904762,0.7988095238095239,0.04408352668213457,97115.0
MA,01245,0.08333333333333333,113750.0,0.21996879875195008,0.7800312012480499,0.034161490683229816,69203.0
MA,01054,0.0930493273542601,113750.0,0.17564575645756458,0.8243542435424355,0.10784313725490197,62211.0
MA,02453,0.08379075938783671,114029.0,0.25287791937088444,0.7471220806291156,0.07876064333017975,58114.0
MA,01039,0.03935185185185185,115114.0,0.1619190404797601,0.8380809595202399,0.044733044733044736,56602.0
MA,01430,0.09664261060558518,115146.0,0.23087589553963486,0.7691241044603652,0.08199492814877431,46141.0
MA,01747,0.0435871743486974,115216.0,0.2916026625704045,0.7083973374295955,0.08659603869184708,56273.0
MA,02667,0.0563051375194603,115469.0,0.22080814508431434,0.7791918549156857,0.07981492192018508,51957.0
MA,01529,0.07896399241945673,115789.0,0.3688627780109106,0.6311372219890894,0.05073649754500818,49560.0
MA,02364,0.032056990204808546,115863.0,0.2148016226377758,0.7851983773622242,0.07769965747250766,56247.0
MA,01527,0.04938001458789205,116000.0,0.3610652152784527,0.6389347847215473,0.10222978080120937,49530.0
MA,02771,0.04122778675282714,116310.0,0.325678496868476,0.6743215031315241,0.08807935693518043,50340.0
MA,01860,0.08578725961538461,116477.0,0.2769291807181115,0.7230708192818885,0.11476014760147601,50957.0
MA,02191,0.05987947172714451,116496.0,0.31823187037910966,0.6817681296208904,0.06087685004188774,57391.0
MA,02777,0.031950011789672245,116627.0,0.3809669992325403,0.6190330007674597,0.1151164515650497,48644.0
MA,01923,0.0394005228854439,117072.0,0.2754787797132134,0.7245212202867867,0.07979349696585454,55308.0
MA,01969,0.008641774009457035,117177.0,0.19073392509201126,0.8092660749079887,0.08443163097199341,66485.0
MA,02739,0.025341729381047458,117308.0,0.19224776003116478,0.8077522399688352,0.07195696032279758,76625.0
MA,02563,0.04081632653061224,117558.0,0.2401540564045223,0.7598459435954777,0.05065359477124183,68299.0
MA,01035,0.044642857142857144,117580.0,0.18398427904691722,0.8160157209530828,0.09768861753161796,60820.0
MA,02638,0.05371900826446281,117619.0,0.30614444843693855,0.6938555515630614,0.04964028776978417,64893.0
MA,02375,0.04179444493121878,117717.0,0.2376140004929751,0.7623859995070249,0.11339982653946228,61489.0
MA,02635,0.02560691719321583,118295.0,0.21656050955414013,0.7834394904458599,0.0354306658521686,73217.0
MA,02199,0.16707616707616707,118367.0,0.05023696682464455,0.9497630331753555,0.013333333333333334,122935.0
MA,01611,0.0636237897648686,118389.0,0.43423423423423424,0.5657657657657658,0.08363636363636363,42150.0
MA,01540,0.0368114406779661,118389.0,0.42236099435571034,0.5776390056442896,0.1942098914354644,44917.0
MA,02155,0.07412308620054273,118403.0,0.2574101898647726,0.7425898101352274,0.10412429838119255,59655.0
MA,01522,0.06055363321799308,118824.0,0.16223908918406071,0.8377609108159393,0.04923599320882852,48960.0
MA,02770,0.031238714337305885,119164.0,0.31965811965811963,0.6803418803418804,0.08194378275369224,53527.0
MA,02145,0.10275389136823773,119167.0,0.2964474538540024,0.7035525461459976,0.11560354930520676,63125.0
MA,02451,0.08078542908713011,119509.0,0.2712003583159152,0.7287996416840848,0.07873806998939555,64400.0
MA,01754,0.08217505634861007,119549.0,0.1672838717915975,0.8327161282084025,0.05735073828375776,66632.0
MA,02767,0.09404965191120451,119550.0,0.3135085292761641,0.6864914707238359,0.11364019558253245,53355.0
MA,02367,0.08333333333333333,119750.0,0.39514978601997147,0.6048502139800286,0.12213740458015267,53289.0
MA,02351,0.054642539305843965,119787.0,0.34846746435010656,0.6515325356498934,0.10531220876048462,52259.0
MA,01507,0.03765026083012021,119809.0,0.3647432503970355,0.6352567496029645,0.10327506530038176,53336.0
MA,02738,0.053595527279737806,120227.0,0.3486381322957198,0.6513618677042802,0.05786802030456853,78765.0
MA,02141,0.14826233183856502,120542.0,0.1399304576637534,0.8600695423362466,0.09346052813493709,74899.0
MA,02019,0.05123205105477752,120966.0,0.32897244844914225,0.6710275515508577,0.11146446175862618,51448.0
MA,02632,0.06685825374017412,121295.0,0.2477914242620125,0.7522085757379875,0.057840885362288576,57480.0
MA,01464,0.020987239758226996,121875.0,0.3994732221246708,0.6005267778753293,0.08610648918469219,48541.0
MA,02138,0.12039145060994258,122040.0,0.06163963174046471,0.9383603682595353,0.047053866142285274,74990.0
MA,01503,0.05025699600228441,122411.0,0.28816029143898,0.7118397085610201,0.0718728403593642,64003.0
MA,01569,0.032392145621327216,122458.0,0.31158849034292474,0.6884115096570753,0.06551343393448657,53336.0
MA,02472,0.06449227969403133,123383.0,0.18636201356658336,0.8136379864334167,0.0656596794081381,72808.0
MA,02779,0.01274262853756112,123877.0,0.3441278950604632,0.6558721049395367,0.08750544188071398,53173.0
MA,02026,0.04075607856000656,124375.0,0.26350325379609546,0.7364967462039046,0.09410507914926677,67595.0
MA,01938,0.0659965034965035,124405.0,0.1958692911858819,0.8041307088141181,0.06426958485322216,72497.0
MA,02379,0.06324216144096063,124483.0,0.31739518287243534,0.6826048171275647,0.08379694019471488,52738.0
MA,02139,0.1230303903211868,124648.0,0.12503753753753755,0.8749624624624625,0.13385630681110697,70682.0
MA,01095,0.03848567245346162,124682.0,0.2392138063279003,0.7607861936720998,0.09354658731634741,57650.0
MA,02356,0.07887780335976806,124719.0,0.2516199890170236,0.7483800109829764,0.09104414261460102,65937.0
MA,01505,0.08041237113402062,124732.0,0.15480844409695074,0.8451915559030493,0.039337474120082816,71483.0
MA,02184,0.05075251930375605,125305.0,0.3018861094015856,0.6981138905984143,0.11207197154613292,57041.0
MA,02050,0.07885457434029527,125436.0,0.20601063829787233,0.7939893617021276,0.08460038986354776,62893.0
MA,02554,0.04321167883211679,125524.0,0.2030531363147079,0.7969468636852921,0.08477332791217727,73285.0
MA,01073,0.01843168957154406,125534.0,0.26693227091633465,0.7330677290836654,0.10592532467532467,59434.0
MA,01259,0.03202328966521106,125795.0,0.26908396946564883,0.7309160305343512,0.02464788732394366,56232.0
MA,02464,0.04664289958407605,125846.0,0.0893814801573114,0.9106185198426886,0.04229390681003584,73575.0
MA,01718,0.0027137042062415195,125972.0,0.289904570567554,0.710095429432446,0.09104414261460102,64478.0
MA,02143,0.08612970959946119,126102.0,0.16044300695873762,0.8395569930412624,0.09891196834817013,77591.0
MA,02769,0.04764935168244372,126161.0,0.3306819386997561,0.669318061300244,0.024337712685763516,51692.0
MA,02347,0.04772687685072287,126182.0,0.30513261296660116,0.6948673870333988,0.11763302314483416,52254.0
MA,01876,0.03137718261782854,126795.0,0.35713980789754535,0.6428601921024546,0.07220155563070679,55480.0
MA,01463,0.0630895716140199,126824.0,0.26578978551961135,0.7342102144803887,0.06894956038870893,56602.0
MA,02176,0.040305458530237655,126854.0,0.227322206095791,0.772677793904209,0.06258085381630013,65038.0
MA,01701,0.05395627840821249,127000.0,0.20109322287227227,0.7989067771277277,0.08934707903780069,63262.0
MA,01721,0.04171858915316682,127106.0,0.17855365142572707,0.8214463485742729,0.07183414762973722,69216.0
MA,02045,0.03601820700573916,127112.0,0.22369997603642464,0.7763000239635753,0.08437158469945355,73136.0
MA,01982,0.04900376952073236,127137.0,0.15065626783336503,0.849343732166635,0.058109599117322545,62116.0
MA,02725,0.017921146953405017,127228.0,0.3366107576633892,0.6633892423366108,0.0413625304136253,90249.0
MA,02116,0.15134255492270138,127309.0,0.15598991172761664,0.8440100882723833,0.14342733188720175,124696.0
MA,02766,0.05887416078498881,127404.0,0.32398680490103676,0.6760131950989633,0.09652333028362306,52342.0
MA,02446,0.12299361825565655,127519.0,0.08695652173913043,0.9130434782608695,0.09122417856647719,85590.0
MA,01907,0.06648089171974522,127714.0,0.1806572602250402,0.8193427397749599,0.07138344914718889,75836.0
MA,01258,0.031914893617021274,127813.0,0.20606060606060606,0.793939393939394,0.023529411764705882,55275.0
MA,02021,0.05074066346755685,128341.0,0.16930709815639625,0.8306929018436038,0.1032344734938514,74606.0
MA,02333,0.039162112932604735,128679.0,0.3328696343402226,0.6671303656597775,0.11791518034086405,58078.0
MA,02322,0.029692470837751856,129487.0,0.4134296898524541,0.5865703101475459,0.18742655699177438,47100.0
MA,01756,0.0686936936936937,129837.0,0.21932234432234432,0.7806776556776557,0.10889205896338564,52395.0
MA,01474,0.09884332281808622,130156.0,0.4132132132132132,0.5867867867867868,0.10553410553410554,46643.0
MA,01880,0.04199977480013512,130419.0,0.2519261161596207,0.7480738838403793,0.05944087578033113,67048.0
MA,01523,0.031211498973305954,130444.0,0.2906419674225487,0.7093580325774513,0.12771739130434784,49297.0
MA,02130,0.12324090674656778,130533.0,0.16938120991070305,0.830618790089297,0.11601963409192324,72568.0
MA,02648,0.030872137895549268,131125.0,0.2542166579725265,0.7457833420274734,0.04617414248021108,53898.0
MA,02537,0.07297212652677733,131150.0,0.22473830378124332,0.7752616962187566,0.07029950083194675,62595.0
MA,01862,0.07538824454491842,131214.0,0.35364161849710984,0.6463583815028902,0.07746644690369672,49214.0
MA,02048,0.046714039439936086,131409.0,0.24334191154467652,0.7566580884553235,0.10233853006681515,61744.0
MA,02066,0.02298602492850591,131889.0,0.13332342449464923,0.8666765755053508,0.05732316592164081,83964.0
MA,02110,0.1480530594779632,132239.0,0.04898828541001065,0.9510117145899893,0.06693877551020408,151501.0
MA,01612,0.01372055796935742,133750.0,0.21695533272561532,0.7830446672743847,0.047764849969381504,54061.0
MA,02556,0.030829353017802867,133929.0,0.09541577825159915,0.9045842217484008,0.05422794117647059,70101.0
MA,01845,0.0741583562010575,134319.0,0.20586105344469657,0.7941389465553035,0.0732575297283222,65004.0
MA,01581,0.04568165596002855,134474.0,0.18347761895174822,0.8165223810482518,0.05034097954122753,68311.0
MA,01534,0.028980446927374302,134539.0,0.3331133113311331,0.6668866886688669,0.0847528043207312,62236.0
MA,01760,0.04575,134644.0,0.16470588235294117,0.8352941176470589,0.07598645656986587,76455.0
MA,02114,0.11279422046143091,135057.0,0.08167789240344446,0.9183221075965555,0.0985985985985986,112365.0
MA,01834,0.03174132304954019,135521.0,0.27315096251266463,0.7268490374873353,0.0688622754491018,62387.0
MA,01566,0.018543046357615896,135802.0,0.23832312404287903,0.761676875957121,0.07112068965517242,58696.0
MA,01564,0.024898887765419615,136027.0,0.23227899432278995,0.76772100567721,0.0651842826682912,69535.0
MA,01545,0.03893713545042126,136225.0,0.1768840874616153,0.8231159125383847,0.06541218637992832,67401.0
MA,01863,0.031348621922996,136284.0,0.2255584566289527,0.7744415433710473,0.100606394707828,54802.0
MA,02140,0.1048169197801174,136382.0,0.11802350624576949,0.8819764937542305,0.11016949152542373,84932.0
MA,02715,0.041988950276243095,137500.0,0.32790294627383015,0.6720970537261698,0.045706371191135735,58152.0
MA,02630,0.0010678056593699946,137875.0,0.0746349378042185,0.9253650621957815,0.01527614571092832,60845.0
MA,02474,0.04647521440518131,139199.0,0.12770777290103355,0.8722922270989665,0.07635488422275707,79137.0
MA,02132,0.04078278484883232,139545.0,0.18174677205557466,0.8182532279444253,0.10954095409540954,72857.0
MA,02764,0.022768259693417493,140135.0,0.2790776534418447,0.7209223465581553,0.14246575342465753,48449.0
MA,02144,0.11756139002386828,140591.0,0.14674631284030237,0.8532536871596976,0.07381652848355175,78130.0
MA,02562,0.03468208092485549,141324.0,0.1888556469708302,0.8111443530291698,0.012039660056657223,57341.0
MA,02359,0.0323161744636716,141332.0,0.28697504564820453,0.7130249543517955,0.04725196288365453,60532.0
MA,01824,0.052764672579732025,141337.0,0.20055886539779616,0.7994411346022038,0.0864410214835833,62524.0
MA,01803,0.05206601986780565,142421.0,0.22594142259414227,0.7740585774058577,0.053548193374036636,66552.0
MA,01821,0.03531550246689172,142564.0,0.30894094937264194,0.6910590506273581,0.08982712188341586,59108.0
MA,01262,0.1452353616532721,142679.0,0.2423611111111111,0.7576388888888889,0.1027190332326284,81122.0
MA,02038,0.04599943365950351,142788.0,0.2057462653681752,0.7942537346318248,0.06710430342815463,63724.0
MA,02717,0.02565720294426919,143281.0,0.4058651026392962,0.5941348973607038,0.03115264797507788,52479.0
MA,01106,0.03777117768595041,143961.0,0.1250674824545618,0.8749325175454382,0.057744565217391304,69046.0
MA,01879,0.04618490109002826,144167.0,0.2476776450717819,0.7523223549282181,0.11453849832615973,56868.0
MA,01950,0.05849536014140522,144259.0,0.14304626020445688,0.8569537397955431,0.07469199178644764,78121.0
MA,02535,0.05221238938053097,144833.0,0.10472056429734129,0.8952794357026587,0.015037593984962405,83799.0
MA,02476,0.06676209561981106,145150.0,0.13868003341687551,0.8613199665831245,0.07278318810866223,89164.0
MA,02702,0.05775842310336924,145324.0,0.26255067040848146,0.7374493295915185,0.10970196575776792,50205.0
MA,02445,0.08836078359407258,145878.0,0.0658372213582167,0.9341627786417833,0.05169897852824682,98469.0
MA,01460,0.06955908999396014,146250.0,0.20756560580681183,0.7924343941931882,0.09870772614792411,64913.0
MA,01520,0.04355128974205159,147582.0,0.1864801864801865,0.8135198135198135,0.05398587285570131,57294.0
MA,01516,0.030500379897970258,147859.0,0.284723269491781,0.7152767305082189,0.10171531748420103,62124.0
MA,02093,0.03756498406842194,147930.0,0.2458460495083079,0.7541539504916921,0.07713310580204778,66485.0
MA,02054,0.042076887013595875,149021.0,0.2596496667183382,0.7403503332816618,0.02926396689328998,68784.0
MA,02081,0.043584521384928715,150233.0,0.19937171244886032,0.8006282875511397,0.056255132767588284,70640.0
MA,01541,0.03862660944206009,150577.0,0.15656565656565657,0.8434343434343434,0.03625377643504532,73647.0
MA,01864,0.027042801556420235,150820.0,0.2321604440863103,0.7678395559136897,0.09596994535519125,77743.0
MA,02047,0.06757903649804664,151000.0,0.49557522123893805,0.504424778761062,0.09104414261460102,72711.0
MA,01719,0.040278286341999266,151000.0,0.09422411498536067,0.9057758850146393,0.061990950226244346,75416.0
MA,01929,0.0850292723724561,151509.0,0.15399841646872525,0.8460015835312747,0.09491268033409264,69734.0
MA,02458,0.04382501579279848,151782.0,0.12679127725856698,0.873208722741433,0.06194339996041955,80064.0
MA,01833,0.03044412607449857,153565.0,0.19946000674991562,0.8005399932500844,0.04093938432243732,65260.0
MA,01519,0.05462405030128373,153750.0,0.21046578493387005,0.78953421506613,0.013215859030837005,64440.0
MA,01720,0.02701289647960962,154101.0,0.09565217391304348,0.9043478260869565,0.057363110758417414,75771.0
MA,02460,0.03337378640776699,154329.0,0.09904517600114009,0.90095482399886,0.05639476334340383,84434.0
MA,01746,0.03038655462184874,154684.0,0.1719908727895037,0.8280091272104962,0.050229925716307036,74139.0
MA,01543,0.015420200462606014,155504.0,0.2600234859922832,0.7399765140077168,0.10061468780329991,52518.0
MA,01590,0.04202225342983688,155938.0,0.26225086168140266,0.7377491383185973,0.058074534161490686,66286.0
MA,02127,0.1046818927866025,156373.0,0.1955906350950811,0.8044093649049189,0.12511874825370214,92105.0
MA,02129,0.08393698394204954,157192.0,0.18689399362269798,0.813106006377302,0.13814037703695814,97454.0
MA,01730,0.04622115588173029,158286.0,0.159187932833697,0.840812067166303,0.05424769703172978,89522.0
MA,01568,0.0176945762277215,161429.0,0.18442112751200426,0.8155788724879958,0.05733148019457957,68545.0
MA,01887,0.025088819685073906,161473.0,0.27224934284641383,0.7277506571535862,0.06187269724304409,60558.0
MA,01867,0.03587390736858759,163407.0,0.196867014776136,0.803132985223864,0.026911442578491707,71419.0
MA,01945,0.029703458824690384,164325.0,0.0912993118484704,0.9087006881515296,0.045068027210884355,94164.0
MA,01810,0.03292755936938735,167591.0,0.12020334535913414,0.8797966546408659,0.055049326003464114,83976.0
MA,02142,0.09861325115562404,168788.0,0.0044816253361219,0.995518374663878,0.02029520295202952,114807.0
MA,02466,0.09104180491041805,170852.0,0.12882386471594148,0.8711761352840586,0.10481392966882895,82983.0
MA,01940,0.062194002447980415,171044.0,0.19346594066007333,0.8065340593399266,0.037199582027168235,76804.0
MA,02534,0.09863013698630137,171169.0,0.12212943632567849,0.8778705636743215,0.09104414261460102,91489.0
MA,01949,0.03740562800274537,171458.0,0.38289862866361923,0.6171013713363808,0.058202653799758745,67877.0
MA,02332,0.04838202953188816,171471.0,0.13253439857967156,0.8674656014203285,0.041638795986622075,85402.0
MA,02494,0.020947348556331385,173750.0,0.11984553854640739,0.8801544614535927,0.05883801083210241,102290.0
MA,02467,0.06507455142784938,173854.0,0.054751362397820164,0.9452486376021798,0.02051129607609988,88431.0
MA,02053,0.04254829806807728,174357.0,0.15917480998914224,0.8408251900108578,0.04876448720752241,74339.0
MA,01532,0.03823832860459118,174358.0,0.1505356982083371,0.8494643017916629,0.07804024496937882,79529.0
MA,02465,0.03832007527157642,174518.0,0.11573061026015075,0.8842693897398493,0.05341246290801187,106385.0
MA,02339,0.04927615034323388,174821.0,0.210734101579172,0.789265898420828,0.07850734094616639,70366.0
MA,01951,0.042185338865836794,175779.0,0.14673452078032231,0.8532654792196777,0.07116104868913857,94530.0
MA,01983,0.05085536547433903,176698.0,0.13619919131730154,0.8638008086826985,0.07616926503340757,71322.0
MA,02186,0.06268887742315914,177222.0,0.1717155177119153,0.8282844822880847,0.0586890243902439,72473.0
MA,02109,0.07076295864880605,177500.0,0.06617881005408845,0.9338211899459116,0.0537270087124879,130019.0
MA,02478,0.03885671586026527,177790.0,0.10205263157894737,0.8979473684210526,0.05630804953560371,92557.0
MA,01775,0.04289129517648713,177862.0,0.11498733190411226,0.8850126680958877,0.04503844745514463,80817.0
MA,02210,0.034482758620689655,178833.0,0.022218364867210554,0.9777816351327895,0.025777984208081747,175892.0
MA,01922,0.07274159663865547,179896.0,0.21129261363636365,0.7887073863636364,0.06304868316041501,70073.0
MA,02032,0.06873706004140787,180100.0,0.17484954070319925,0.8251504592968008,0.04219143576826197,65570.0
MA,01745,0.06757903649804664,180833.0,0.075,0.925,0.036,88776.0
MA,02043,0.03218515883313104,181017.0,0.12747957992998832,0.8725204200700116,0.03170119271814187,104438.0
MA,02575,0.036580670003850596,181304.0,0.14264112903225806,0.8573588709677419,0.025821596244131457,82134.0
MA,01886,0.0170038830983037,181523.0,0.11693086613224037,0.8830691338677596,0.052643521670070345,73464.0
MA,02061,0.030253916801728797,182637.0,0.1707249965607374,0.8292750034392626,0.0565468020861927,74251.0
MA,02067,0.014254624591947769,183724.0,0.11846166020416238,0.8815383397958376,0.07499225286643942,80677.0
MA,02025,0.03921330581522399,187060.0,0.12514878422037068,0.8748512157796293,0.04567385011257639,114646.0
MA,01984,0.03832466465918423,187652.0,0.100438421681945,0.899561578318055,0.04334600760456274,62015.0
MA,01985,0.034919928825622774,189048.0,0.11258473327438845,0.8874152667256116,0.0387409200968523,83726.0
MA,01450,0.04527790329868956,189355.0,0.15968258387860226,0.8403174161213978,0.02405028696365127,75886.0
MA,01921,0.015180957007529755,190526.0,0.13952291058863908,0.8604770894113609,0.024810475534114404,90836.0
MA,01772,0.0342472734685557,196680.0,0.0945048309178744,0.9054951690821256,0.035538861600693444,96765.0
MA,01773,0.06875121382792776,197292.0,0.03971304125032027,0.9602869587496797,0.059252506836827715,131313.0
MA,02056,0.019423368740515933,197379.0,0.24513329200247985,0.7548667079975202,0.016661707825052066,70548.0
MA,01944,0.027107315261789826,197875.0,0.045454545454545456,0.9545454545454546,0.005877034358047016,100726.0
MA,01740,0.023704227843622853,198475.0,0.08297386450139559,0.9170261354986045,0.04673366834170854,83182.0
MA,01827,0.009841932597673724,202379.0,0.16311439756415833,0.8368856024358416,0.04052863436123348,70324.0
MA,01748,0.04273412846980799,204418.0,0.10584379246942202,0.894156207530578,0.04266546057590834,98671.0
MA,02090,0.05027548209366391,205000.0,0.13897733657988387,0.8610226634201161,0.032046613255644577,86172.0
MA,01451,0.04345393509884372,206607.0,0.08208752378363686,0.9179124762163632,0.026563364692861097,101675.0
MA,02461,0.05799573560767591,207292.0,0.08423509441969022,0.9157649055803098,0.049921383647798745,105534.0
MA,02071,0.06757903649804664,207878.0,0.12406015037593984,0.8759398496240601,0.09104414261460102,61598.0
MA,02462,0.07727272727272727,210682.0,0.22418358340688438,0.7758164165931156,0.21102661596958175,94068.0
MA,01742,0.02475421348314607,211435.0,0.13241413070082403,0.867585869299176,0.028912938136003877,98713.0
MA,02108,0.14673311184939092,212664.0,0.10662824207492795,0.8933717579250721,0.036852589641434265,141237.0
MA,02421,0.05202702702702703,212843.0,0.08103174603174604,0.918968253968254,0.05558019216555802,109161.0
MA,01103,0.4453369031682285,21458.0,0.4142538975501114,0.5857461024498887,0.5045161290322581,33500.0
MA,02052,0.032580670364872256,214801.0,0.08573793755912962,0.9142620624408704,0.04913358192586093,102662.0
MA,02459,0.031084070796460177,214941.0,0.05868414817155043,0.9413158518284496,0.0484942084942085,107837.0
MA,02637,0.06757903649804664,218165.0,0.2678062678062678,0.7321937321937322,0.09104414261460102,99398.0
MA,01890,0.033460548504482115,218176.0,0.1167482859941234,0.8832517140058765,0.030171343431835113,104586.0
MA,01778,0.039579909980710155,219531.0,0.0800123890150733,0.9199876109849267,0.05159606504717928,102692.0
MA,02492,0.030838497288923315,222063.0,0.08485507246376811,0.9151449275362319,0.039787436980515054,99302.0
MA,01105,0.487319909006656,22994.0,0.6987735566856117,0.30122644331438825,0.6102941176470589,17301.0
MA,02420,0.030184944640316694,233068.0,0.05717151454363089,0.9428284854563691,0.03176597272074659,110672.0
MA,01776,0.014837745516652434,234634.0,0.07359720235256716,0.9264027976474328,0.03635214161529951,96780.0
MA,02482,0.04882886286361919,240069.0,0.07188841201716738,0.9281115879828327,0.0485319097306479,124076.0
MA,01770,0.024069028156221618,247500.0,0.0790200138026225,0.9209799861973775,0.023148148148148147,110567.0
MA,02030,0.016170212765957447,250001.0,0.04654811715481171,0.9534518828451883,0.03347280334728033,138720.0
MA,01741,0.03765932792584009,250001.0,0.02977383338104781,0.9702261666189522,0.01738122827346466,107381.0
MA,02468,0.008871989860583017,250001.0,0.03310759969902182,0.9668924003009782,0.011346817957572768,130948.0
MA,02481,0.035514898769085895,250001.0,0.03965645212596755,0.9603435478740324,0.028007253677211363,117974.0
MA,02493,0.05398086297165553,250001.0,0.07256515775034293,0.9274348422496571,0.01925254813137033,131707.0
MA,01965,0.023225806451612905,250001.0,0.04033379694019471,0.9596662030598053,0.09104414261460102,103283.0
MA,01901,0.42882991556091676,27561.0,0.38017565872020076,0.6198243412797992,0.452895419187554,33836.0
MA,01107,0.409725604805975,31969.0,0.6624365482233503,0.33756345177664976,0.5021613832853026,20475.0
MA,01840,0.32506527415143605,34630.0,0.6954251096720284,0.3045748903279716,0.5841163989087602,24230.0
MA,02121,0.24481425449655403,38565.0,0.5545341050959028,0.44546589490409716,0.4797838463765319,27892.0
MA,02746,0.32498303202319984,41023.0,0.6861443530291698,0.31385564697083024,0.3682385575589459,25609.0
MA,02723,0.24607360525082045,41789.0,0.6437040242319342,0.35629597576806576,0.35092348284960423,29622.0
MA,02119,0.30898221603940296,43255.0,0.46609210880689467,0.5339078911931053,0.3959537572254335,32553.0
MA,01610,0.33418932081820596,43757.0,0.5888304599613925,0.41116954003860745,0.42455988767685493,20889.0
MA,01608,0.43913838650680753,45962.0,0.4824120603015075,0.5175879396984925,0.27100271002710025,29079.0
MA,01109,0.24742741964001555,46821.0,0.5588136353442476,0.4411863646557524,0.42396880771598605,22204.0
MA,01104,0.20284427800811378,47530.0,0.6094961942732874,0.39050380572671256,0.41157847127996383,26124.0
MA,02724,0.22377432329601044,49809.0,0.60780971565817,0.39219028434183,0.369815391992328,28631.0
MA,02721,0.18711136235161108,50666.0,0.6008276899924756,0.39917231000752446,0.3578136073706591,30645.0
MA,01108,0.2857858243451464,51851.0,0.5154864773874986,0.4845135226125014,0.33472327520849127,27143.0
MA,01040,0.260108613829444,51892.0,0.5114478114478115,0.48855218855218857,0.3893326462251997,31189.0
MA,02115,0.33924413397814795,53398.0,0.21932928884395012,0.7806707111560499,0.19406000606121832,39807.0
MA,01088,0.11448275862068966,53472.0,0.09053497942386832,0.9094650205761317,0.10461538461538461,36042.0
MA,01364,0.2036109646810754,54061.0,0.5364321608040201,0.4635678391959799,0.24298160696999033,28922.0
MA,01301,0.1540162980209546,54347.0,0.34998864410629116,0.6500113558937088,0.2734290194186467,34184.0
MA,01841,0.19974197026881307,54525.0,0.6467857031566483,0.3532142968433517,0.496929285839621,24385.0
MA,02740,0.18783432676142442,54563.0,0.5683789192795197,0.43162108072048033,0.34494026345348716,30035.0
MA,01605,0.25449091705705906,54805.0,0.43550742885922944,0.5644925711407706,0.3944135958270234,30686.0
MA,02744,0.14452590026585033,54841.0,0.5985984755347923,0.40140152446520777,0.37239931284596295,26724.0
MA,02542,0.03907380607814761,55000.0,0.22016460905349794,0.779835390946502,0.11328125,23740.0
MA,01256,0.1461038961038961,55000.0,0.5008635578583766,0.4991364421416235,0.1284153005464481,39204.0
MA,01247,0.13275572945779765,55544.0,0.49312267657992565,0.5068773234200743,0.25583816748475385,36775.0
MA,01220,0.1379267993122083,56285.0,0.4552572706935123,0.5447427293064877,0.183043371722617,37061.0
MA,01022,0.1921641791044776,56307.0,0.3550446998722861,0.644955300127714,0.1403180542563143,32966.0
MA,01151,0.1755813953488372,57113.0,0.5685058896466212,0.4314941103533788,0.3899057127010538,26701.0
MA,01376,0.08928571428571429,57857.0,0.42315626611655494,0.5768437338834451,0.25,35292.0
MA,01031,0.20035356511490865,58125.0,0.44905320108205593,0.5509467989179441,0.23672883787661406,34862.0
MA,02558,0.1813186813186813,58594.0,0.5770958083832335,0.42290419161676646,0.0853932584269663,46713.0
MA,01119,0.18076298073202818,59172.0,0.5332753371030883,0.4667246628969117,0.2503351848304922,30312.0
MA,01550,0.17935595169637722,59397.0,0.5177566954915624,0.48224330450843755,0.3809261300992282,33664.0
MA,01244,0.05063291139240506,59655.0,0.41363636363636364,0.5863636363636363,0.0625,37790.0
MA,01609,0.2151912219026313,61411.0,0.31437873854773984,0.6856212614522602,0.2624544349939247,37853.0
MA,01375,0.18840579710144928,61442.0,0.15673374613003097,0.843266253869969,0.06991051454138703,40222.0
MA,02120,0.38809917355371903,61472.0,0.3737700498719504,0.6262299501280496,0.28724802804557403,29186.0
MA,02576,0.1112119836586473,61735.0,0.5727411944869831,0.42725880551301687,0.40494505494505495,38811.0
MA,02720,0.16318779200699135,62907.0,0.5029881328438487,0.4970118671561513,0.26874125874125876,36279.0
MA,02601,0.11863015305224887,62989.0,0.46594028826355527,0.5340597117364447,0.2158676759181385,39177.0
MA,01440,0.1475442433883476,63526.0,0.4639714479108978,0.5360285520891022,0.23378782840039908,34495.0
MA,01603,0.1482831666584561,63646.0,0.4595921707699652,0.5404078292300348,0.34083364072298045,32659.0
MA,01013,0.17696641875140862,64039.0,0.47712127943136384,0.5228787205686362,0.30851398052152057,34418.0
MA,02639,0.1275695284159613,64051.0,0.27159132671811836,0.7284086732818816,0.12380952380952381,45882.0
MA,01350,0.10679611650485436,64375.0,0.4945054945054945,0.5054945054945055,0.10909090909090909,59764.0
MA,02215,0.3136231451793304,65827.0,0.09647159151476388,0.9035284084852361,0.07458697764820214,36202.0
MA,02650,0.07640449438202247,65982.0,0.13872832369942195,0.861271676300578,0.04893617021276596,103399.0
MA,01607,0.18266542404473438,66365.0,0.4688236217999058,0.5311763782000942,0.2527851458885942,38315.0
MA,01902,0.15797865100814684,66755.0,0.5894909199166418,0.4105090800833581,0.356567242281528,31825.0
MA,02126,0.18680614003446755,67206.0,0.42605730627509214,0.5739426937249079,0.32893252087564884,35695.0
MA,01850,0.18731226721134206,67581.0,0.5529565868263473,0.4470434131736527,0.2521694742215416,26545.0
MA,01331,0.1022593896713615,68345.0,0.49889045793826914,0.5011095420617309,0.2564055299539171,32233.0
MA,01379,0.15532734274711169,68750.0,0.25210084033613445,0.7478991596638656,0.2147239263803681,41045.0
MA,01201,0.13682056356399128,68879.0,0.36656242624498464,0.6334375737550153,0.22738749443041734,44001.0
MA,01570,0.143039369165652,68934.0,0.4099173553719008,0.5900826446280992,0.19724156400642742,38779.0
MA,01002,0.221961332867063,69411.0,0.11355510648220116,0.8864448935177989,0.10952135872362326,43548.0
MA,01349,0.1531413612565445,69712.0,0.3474426807760141,0.6525573192239859,0.2569832402234637,34190.0
MA,01420,0.14072095461580708,70334.0,0.45204788001153734,0.5479521199884626,0.2679383452430166,36718.0
MA,01854,0.19467515330280213,70397.0,0.468751780322452,0.531248219677548,0.30397070161912104,33835.0
MA,01089,0.10542473399616256,70401.0,0.3849007515899017,0.6150992484100983,0.2311478012382918,41433.0
MA,01585,0.09807692307692308,70753.0,0.3759053597295992,0.6240946402704007,0.10548134500230309,41300.0
MA,01009,0.15164520743919885,70763.0,0.2920962199312715,0.7079037800687286,0.1553133514986376,35713.0
MA,02111,0.27790282007149475,70865.0,0.3435847208619001,0.6564152791380999,0.1928610957387936,73708.0
MA,01380,0.28,70893.0,0.3125,0.6875,0.09104414261460102,52963.0
MA,01092,0.07158351409978309,70938.0,0.4155299055613851,0.5844700944386149,0.053082191780821915,57072.0
MA,01020,0.1352960635130665,70971.0,0.49511911158875155,0.5048808884112485,0.2350861688024746,37714.0
MA,01082,0.10846484935437589,71023.0,0.46864951768488744,0.5313504823151125,0.24962341295459436,37542.0
MA,02125,0.23516117894472519,71810.0,0.38688803746275013,0.6131119625372499,0.27887201104731446,45158.0
MA,01506,0.07115887307580598,71875.0,0.4725563909774436,0.5274436090225564,0.0923285811269518,44865.0
MA,01001,0.07136427928507136,71924.0,0.33809135399673734,0.6619086460032626,0.13239395273741378,42423.0
MA,01225,0.06452608829885767,72028.0,0.3142857142857143,0.6857142857142857,0.14672835426305353,41797.0
MA,01070,0.15316901408450703,72083.0,0.3163716814159292,0.6836283185840708,0.08502024291497975,45311.0
MA,02150,0.21407887655997745,72122.0,0.6168133308369219,0.3831866691630781,0.2578021002810235,31526.0
MA,01843,0.15209678563826012,72163.0,0.5557018265591575,0.44429817344084255,0.35004240082917176,35107.0
MA,01347,0.13705583756345177,72500.0,0.2736842105263158,0.7263157894736842,0.09104414261460102,54767.0
MA,02642,0.07774283717679945,72683.0,0.22448979591836735,0.7755102040816326,0.032867132867132866,51930.0
MA,02301,0.1354630896174381,72727.0,0.5218275271273558,0.4781724728726442,0.35014619883040937,35370.0
MA,01339,0.09383954154727794,72841.0,0.31560283687943264,0.6843971631205674,0.12845528455284552,50266.0
MA,01604,0.14657738095238096,72911.0,0.4578497770819862,0.5421502229180138,0.2444709388971684,39996.0
MA,02745,0.11966747769667478,73154.0,0.5358241257546418,0.4641758742453582,0.22086614173228347,36353.0
MA,02543,0.02746566791510612,73611.0,0.07133592736705577,0.9286640726329443,0.04700854700854701,89141.0
MA,01027,0.08720798366976638,73657.0,0.29801619734006984,0.7019838026599302,0.1333955223880597,45113.0
MA,02673,0.06436351633843107,73846.0,0.3435036496350365,0.6564963503649635,0.11721789883268482,45153.0
MA,02163,0.36147186147186144,74028.0,0.00831353919239905,0.9916864608076009,0.09104414261460102,34889.0
MA,02646,0.10197710718002082,74276.0,0.1319763624425476,0.8680236375574524,0.06165099268547544,70539.0
MA,01238,0.0685121107266436,74469.0,0.3061868686868687,0.6938131313131313,0.09443009959424567,53252.0
MA,01344,0.08061538461538462,74550.0,0.46219931271477666,0.5378006872852233,0.1635036496350365,39145.0
MA,02780,0.12996368747803677,75054.0,0.4933448527228057,0.5066551472771943,0.2837863167760075,38044.0
MA,01060,0.11937350077606886,75077.0,0.14934544483034998,0.85065455516965,0.1841999732656062,50916.0
MA,02134,0.21377805137388775,75317.0,0.1275992438563327,0.8724007561436673,0.13366396516269505,46466.0
MA,01012,0.09318181818181819,75526.0,0.3944636678200692,0.6055363321799307,0.09146341463414634,36078.0
MA,01515,0.062380952380952384,76382.0,0.4517114914425428,0.5482885085574573,0.10497237569060773,42386.0
MA,01235,0.08255388369255795,76699.0,0.4306981519507187,0.5693018480492813,0.1234798877455566,39720.0
MA,01370,0.13509862199405567,76715.0,0.2619377162629758,0.7380622837370242,0.12873025160912815,42281.0
MA,01074,0.4769452449567723,76859.0,0.7334669338677354,0.2665330661322645,0.5670995670995671,31189.0
MA,01852,0.14155187736058653,77058.0,0.4281291121603839,0.571870887839616,0.2221621986629752,39409.0
MA,02713,0.09375,78750.0,0.23809523809523808,0.7619047619047619,0.09104414261460102,95352.0
MA,01702,0.14689188822203514,78784.0,0.4368518805138523,0.5631481194861476,0.18138424821002386,43618.0
MA,02664,0.08442133215313122,78796.0,0.3410526315789474,0.6589473684210526,0.12190309142731857,54898.0
MA,02330,0.07435743144502707,78955.0,0.4328323430036118,0.5671676569963882,0.10249366018596788,47112.0
MA,01056,0.0973692018593611,78981.0,0.4455877564311299,0.5544122435688701,0.15749235474006115,42015.0
MA,01562,0.0600836820083682,79086.0,0.4730519122671663,0.5269480877328336,0.1059396299902629,43794.0
MA,02124,0.17644263283920378,79168.0,0.4192146515598324,0.5807853484401676,0.32986441186771404,39879.0
MA,01337,0.06366585563665855,79274.0,0.3931965982991496,0.6068034017008505,0.13172541743970315,42014.0
MA,01032,0.09917355371900827,79583.0,0.19704433497536947,0.8029556650246306,0.10526315789473684,43521.0
MA,02149,0.14386709813055218,79658.0,0.5509748819422313,0.4490251180577686,0.20333680917622524,35941.0
MA,01069,0.07570527318176408,79725.0,0.4691804647279811,0.530819535272019,0.2487611496531219,44786.0
MA,01830,0.14421028606208156,79784.0,0.4223058317656544,0.5776941682343456,0.242743312464428,41855.0
MA,01257,0.12869955156950671,80227.0,0.29053318824809576,0.7094668117519043,0.06120527306967985,64916.0
MA,01355,0.10703666997026759,80327.0,0.25557011795543905,0.744429882044561,0.03759398496240601,40920.0
MA,01118,0.14922778632078626,80906.0,0.39810336652441913,0.6018966334755809,0.18063943161634102,36847.0
MA,02151,0.12261652983396892,80948.0,0.5315632867933165,0.46843671320668345,0.19198253437383872,38785.0
MA,01535,0.08280657395701643,81010.0,0.494279176201373,0.505720823798627,0.1033210332103321,45296.0
MA,01832,0.10688966354627708,81141.0,0.4290996085254458,0.5709003914745542,0.2590723850184359,40105.0
MA,01226,0.07879564381806534,81168.0,0.35080729712728037,0.6491927028727197,0.17414341222182975,48348.0
MA,01330,0.1175,81691.0,0.23937963587322994,0.76062036412677,0.06115107913669065,48898.0
MA,01453,0.08948122141636254,82098.0,0.4042505947660587,0.5957494052339413,0.1760524575710822,45076.0
MA,01340,0.07173219978746015,82578.0,0.3952654232424677,0.6047345767575323,0.13563501849568435,45338.0
MA,01223,0.08427623878267655,82773.0,0.31142034548944336,0.6885796545105566,0.1273938384679434,52353.0
MA,01230,0.07817786370227163,82871.0,0.29608682360134514,0.7039131763986548,0.06955093099671412,57712.0
MA,02122,0.14808291004424054,82945.0,0.43849459867580437,0.5615054013241956,0.2340866906867562,45583.0
MA,01085,0.08709925621954347,83821.0,0.3597526300824566,0.6402473699175434,0.19613605101913217,40828.0
MA,01037,0.016304347826086956,84022.0,0.3583535108958838,0.6416464891041163,0.09104414261460102,53470.0
MA,01343,0.09333333333333334,84271.0,0.5100671140939598,0.4899328859060403,0.08641975308641975,42482.0
MA,01905,0.1339897420538355,84341.0,0.5216433092224232,0.47835669077757687,0.2958586416344561,34371.0
MA,01237,0.03549571603427173,84419.0,0.3325608342989571,0.6674391657010429,0.047379032258064516,43988.0
MA,01222,0.06902086677367576,84583.0,0.4298056155507559,0.5701943844492441,0.15948275862068967,39942.0
MA,01571,0.07314610866372981,85179.0,0.37999198610925605,0.620008013890744,0.16051703877790835,37153.0
MA,01970,0.1375214587296432,85189.0,0.2880628796893593,0.7119371203106407,0.1941245116444264,49759.0
MA,01264,0.14492753623188406,85313.0,0.12738853503184713,0.8726114649681529,0.1411764705882353,62546.0
MA,01255,0.06385404789053592,85417.0,0.4132730015082956,0.5867269984917044,0.050746268656716415,44330.0
MA,01475,0.10104701698933229,85638.0,0.38771358828315705,0.612286411716843,0.18227513227513228,39454.0
MA,02350,0.08490566037735849,86023.0,0.4,0.6,0.09104414261460102,40926.0
MA,01521,0.08897485493230174,86806.0,0.35933568193256166,0.6406643180674384,0.0859106529209622,49709.0
MA,01011,0.09180576631259484,87012.0,0.48177676537585423,0.5182232346241458,0.10089686098654709,37729.0
MA,01080,0.0456245325355273,87188.0,0.515233949945593,0.484766050054407,0.14299900695134063,45701.0
MA,02571,0.04137264378927018,87302.0,0.38291823041055384,0.6170817695894462,0.18411122144985104,52042.0
MA,01081,0.04518430439952437,87337.0,0.44570502431118314,0.5542949756888168,0.15486725663716813,44337.0
MA,02659,0.05458515283842795,87368.0,0.11904761904761904,0.8809523809523809,0.03467153284671533,67395.0
MA,02302,0.11574941784517521,87560.0,0.5243748215232734,0.47562517847672664,0.2792617775619233,35814.0
MA,01062,0.1041780298898222,87800.0,0.2247520603436234,0.7752479396563766,0.14112903225806453,55855.0
MA,01930,0.10849885150655317,87898.0,0.34326407944596893,0.6567359205540311,0.12663125948406675,53072.0
MA,01851,0.16012682069311904,87962.0,0.496005027381273,0.5039949726187269,0.29370196979065455,39517.0
MA,02135,0.19152596806753533,88208.0,0.17971390632544665,0.8202860936745534,0.14066059225512528,53089.0
MA,02540,0.13935406698564592,88266.0,0.1777142857142857,0.8222857142857143,0.1137855579868709,67890.0
MA,01436,0.05877390326209224,88421.0,0.45850451930977815,0.5414954806902219,0.1328125,33351.0
MA,01053,0.1104868913857678,88646.0,0.2819436112777445,0.7180563887222555,0.061946902654867256,45341.0
MA,02559,0.0153125,88698.0,0.22226855713094246,0.7777314428690576,0.1149584487534626,64091.0
MA,01588,0.08773284432004633,88735.0,0.33718502018655155,0.6628149798134484,0.13494252873563217,47571.0
MA,01243,0.05185185185185185,89063.0,0.3522727272727273,0.6477272727272727,0.06976744186046512,57977.0
MA,01367,0.1294820717131474,89375.0,0.38256658595641646,0.6174334140435835,0.14746543778801843,38386.0
MA,02532,0.07218916379580333,89411.0,0.2565631310702952,0.7434368689297047,0.12313674659753726,55792.0
MA,02539,0.056824838898652606,89710.0,0.2928694793979768,0.7071305206020232,0.10024009603841537,83786.0
MA,02670,0.08358208955223881,89875.0,0.12885154061624648,0.8711484593837535,0.08786610878661087,93841.0
MA,02645,0.04386617100371747,89898.0,0.28136838480082654,0.7186316151991735,0.04595321879528048,53249.0
MA,01354,0.09179575444635686,90000.0,0.3050605844618674,0.6949394155381325,0.13829787234042554,44305.0
MA,02118,0.2621900149302647,90142.0,0.28905182621368064,0.7109481737863194,0.2303842086711315,86276.0
MA,01057,0.10537291462217861,90436.0,0.4398526349511453,0.5601473650488548,0.1324426372349695,46484.0
MA,01008,0.032599837000814993,90625.0,0.48674242424242425,0.5132575757575758,0.09914529914529914,45348.0
MA,02743,0.06497229122874068,90683.0,0.4925965097831835,0.5074034902168165,0.085028179367802,47696.0
MA,01236,0.029522613065326633,91172.0,0.20051413881748073,0.7994858611825193,0.06461538461538462,61073.0
MA,02660,0.07845846768002457,91449.0,0.29322766570605185,0.7067723342939481,0.1228813559322034,50563.0
MA,01084,0.0967741935483871,91667.0,0.3522727272727273,0.6477272727272727,0.14,65396.0
MA,02189,0.07605251244907198,91842.0,0.28508540235957036,0.7149145976404296,0.13830601929851433,51511.0
MA,02346,0.07480281926497735,91914.0,0.40606944522353733,0.5939305547764626,0.1338301347488771,48381.0
MA,02128,0.14240422135509045,92079.0,0.47005845162829535,0.5299415483717046,0.17509506782450762,49564.0
MA,02169,0.11564289131977099,92080.0,0.2939537653388911,0.7060462346611088,0.16520192508893075,52459.0
MA,01128,0.07051909892262488,92125.0,0.34335154826958103,0.656648451730419,0.13428827215756492,41121.0
MA,01030,0.05735341236783082,92485.0,0.36196454135007156,0.6380354586499284,0.13155252058646313,48298.0
MA,02719,0.07237958491058609,92500.0,0.3904076350695568,0.6095923649304432,0.10847222222222222,57317.0
MA,01129,0.11841076177068668,92500.0,0.33362274799218583,0.6663772520078142,0.2029434546862897,44785.0
MA,01606,0.10351817649443669,92537.0,0.3368697030668862,0.6631302969331139,0.15647401433691757,45085.0
MA,01083,0.1209137455691217,92558.0,0.4226190476190476,0.5773809523809523,0.34205776173285196,39722.0
MA,01757,0.0927255801582552,92951.0,0.4229796237523573,0.5770203762476427,0.06757230499561788,45198.0
MA,01098,0.02857142857142857,93000.0,0.3278301886792453,0.6721698113207547,0.1028225806451613,53842.0
MA,01524,0.04755341144038594,93191.0,0.3646868500115554,0.6353131499884447,0.06864064602960969,40748.0
MA,01966,0.050310828393812346,93227.0,0.17054263565891473,0.8294573643410853,0.07998774134232302,61065.0
MA,01341,0.03225806451612903,93250.0,0.17017954722872755,0.8298204527712725,0.037142857142857144,53747.0
MA,02703,0.09178037332168977,93352.0,0.4150113769140889,0.584988623085911,0.16378679574492036,42233.0
MA,02631,0.06930593331318625,93427.0,0.21735008295804692,0.7826499170419531,0.09300847457627119,70682.0
MA,02568,0.07209882408837154,93615.0,0.3397306918433679,0.6602693081566321,0.1260096930533118,59312.0
MA,01075,0.08184623641486649,93646.0,0.2688976708988481,0.7311023291011519,0.09136075075903947,54140.0
MA,01510,0.0602850791159932,93849.0,0.3478967322621412,0.6521032677378589,0.110010505778178,45652.0
MA,02633,0.08540004313133491,94036.0,0.17295850066934404,0.827041499330656,0.10298707088720464,88020.0
MA,01537,0.040310077519379844,94261.0,0.31261101243339257,0.6873889875666075,0.11836734693877551,39718.0
MA,01602,0.1326426143576723,94351.0,0.30649380849950586,0.6935061915004942,0.182475884244373,45170.0
MA,01378,0.06658446362515413,95000.0,0.3493635077793494,0.6506364922206507,0.12433862433862433,46555.0
MA,01752,0.0881310353257548,95047.0,0.3747440971748328,0.6252559028251672,0.14379241996516307,46876.0
MA,01960,0.06994159053467126,95173.0,0.3917191941663577,0.6082808058336423,0.11974893521631921,51337.0
MA,02557,0.1325556733828208,95287.0,0.26804123711340205,0.7319587628865979,0.09104414261460102,59442.0
MA,02536,0.07099342831102796,95295.0,0.2641095890410959,0.7358904109589041,0.11761414503133392,58319.0
MA,02148,0.1351752867841882,95298.0,0.36152646355412293,0.6384735364458771,0.17360082069987462,47303.0
MA,02762,0.06898308538822091,95625.0,0.2919020715630885,0.7080979284369114,0.0980952380952381,51109.0
MA,02649,0.05126839336840003,95852.0,0.2597467097094611,0.7402532902905389,0.0912009338975631,61411.0
MA,01068,0.052531645569620256,96207.0,0.31470829909613807,0.6852917009038619,0.1328125,47978.0
MA,01050,0.11912689604143545,96328.0,0.3767123287671233,0.6232876712328768,0.09028459273797841,42932.0
MA,02136,0.10993079849850616,96862.0,0.3909315560880635,0.6090684439119365,0.21370670596904937,43272.0
MA,02062,0.07564820509500535,97110.0,0.26565341647181084,0.7343465835281892,0.1019625535754568,59668.0
MA,01005,0.08888888888888889,97390.0,0.42244715689193213,0.5775528431080679,0.14040284360189573,39385.0
MA,02747,0.06028409090909091,97665.0,0.4391499374954041,0.5608500625045959,0.12789077737531346,41603.0
MA,01026,0.06803355079217148,98438.0,0.2125,0.7875,0.08803611738148984,44751.0
MA,01267,0.10650887573964497,98750.0,0.19855758395312148,0.8014424160468785,0.07452276064610866,47760.0
MA,02653,0.10353053435114504,98798.0,0.14896446893406803,0.851035531065932,0.07528314457028648,68128.0
MA,01266,0.10294117647058823,98828.0,0.16754617414248021,0.8324538258575198,0.046255506607929514,93939.0
MA,01560,0.04385593220338983,98884.0,0.33238312428734323,0.6676168757126568,0.059846547314578,53899.0
MA,01504,0.048554282596835786,98986.0,0.38012039348113347,0.6198796065188665,0.08112874779541446,50874.0
MA,02190,0.05603285243421408,99024.0,0.23171762716640834,0.7682823728335917,0.06939608596470165,56304.0
MA,01007,0.08255208333333333,99056.0,0.2504894109272112,0.7495105890727888,0.10374863897962358,46109.0
MA,01029,0.026565464895635674,99188.0,0.43263757115749524,0.5673624288425048,0.08852459016393442,67302.0
MA,01531,0.13008130081300814,99375.0,0.34129213483146065,0.6587078651685393,0.04736842105263158,46536.0
MA,01351,0.07406056183874499,99375.0,0.3198620009857072,0.6801379990142927,0.1653306613226453,38954.0
MA,01240,0.07392911502500543,99745.0,0.29509043927648576,0.7049095607235142,0.047619047619047616,62047.0
